Chain,Chain ID,Asset Name,Asset Symbol,Issuer,Asset Type,OFT Address,Token Address,Endpoint ID,Stage
"0G Mainnet","16661","USDC.e","USDC.e","Stargate","StargateOFT","0x5d46805BBFAcA875a96Ebbd22Aaa3DE4A81180f5","0x8a2B28364102Bea189D99A475C494330Ef2bDD0B","30388","mainnet"
"0G Mainnet","16661","USDT","USDT","Stargate","StargateOFT","0xcdA5b77E2E2268D9E09c874c1b9A4c3F07b37555","0x9FBBAFC2Ad79af2b57eD23C60DfF79eF5c2b0FB5","30388","mainnet"
"0G Mainnet","16661","WETH","WETH","Stargate","StargateOFT","0x0F3273eA5d8B182CD87C8630Dc436a6133b9bE39","0x564770837Ef8bbF077cFe54E5f6106538c815B22","30388","mainnet"
"Abstract Mainnet","2741","ETH","ETH","Stargate","StargatePool","0x221F0E1280Ec657503ca55c708105F1e1529527D","0x0000000000000000000000000000000000000000","30324","mainnet"
"Abstract Mainnet","2741","Orderly Network","ORDER","Orderly Network","OFT","0x9a4c8cd493cf0bf8e14bda5890e3f03a1cded719","0x9a4c8cd493cf0bf8e14bda5890e3f03a1cded719","30324","mainnet"
"Abstract Mainnet","2741","Pudgy Penguins","PENGU","Pudgy Penguins","OFT","0x9ebe3a824ca958e4b3da772d2065518f009cba62","0x9ebe3a824ca958e4b3da772d2065518f009cba62","30324","mainnet"
"Abstract Mainnet","2741","USDC.e","USDC.e","Stargate","StargateOFT","0x91a5Fe991ccB876d22847967CEd24dCd7A426e0E","0x84A71ccD554Cc1b02749b35d22F684CC8ec987e1","30324","mainnet"
"Abstract Mainnet","2741","USDT","USDT","Stargate","StargateOFT","0x943C484278b8bE05D119DfC73CfAa4c9D8f11A76","0x0709F39376dEEe2A2dfC94A58EdEb2Eb9DF012bD","30324","mainnet"
"Ape Mainnet","33139","ApeCoin","APE","ApeCoin","NativeOFTAdapter","0xe4103e80c967f58591a1d7ca443ed7e392fed862","0xe4103e80c967f58591a1d7ca443ed7e392fed862","30312","mainnet"
"Ape Mainnet","33139","GonnaMakeIt","GMI","GonnaMakeIt","OFTAdapter","0xc827828ad46f01f85aa1fa6c6bdcb83dde06e271","0xc827828ad46f01f85aa1fa6c6bdcb83dde06e271","30312","mainnet"
"Ape Mainnet","33139","USDC.e","USDC.e","Stargate","StargateOFT","0x2086f755A6d9254045C257ea3d382ef854849B0f","0xF1815bd50389c46847f0Bda824eC8da914045D14","30312","mainnet"
"Ape Mainnet","33139","USDT","USDT","Stargate","StargateOFT","0xEb8d955d8Ae221E5b502851ddd78E6C4498dB4f6","0x674843C06FF83502ddb4D37c2E09C01cdA38cbc8","30312","mainnet"
"Ape Mainnet","33139","WETH","WETH","Stargate","StargateOFT","0x28E0f0eed8d6A6a96033feEe8b2D7F32EB5CCc48","0xf4D9235269a96aaDaFc9aDAe454a0618eBE37949","30312","mainnet"
"Apex Fusion Nexus Mainnet","9069","AP3X","AP3X","AP3X","NativeOFTAdapter","0x9208d82f121806a34a39bb90733b4c5c54f3993e","0x9208d82f121806a34a39bb90733b4c5c54f3993e","30384","mainnet"
"Apex Fusion Nexus Mainnet","9069","USDC.e","USDC.e","Stargate","StargateOFT","0x60219C44E146BAf36002eA73767820238Ebc1db6","0x8a2B28364102Bea189D99A475C494330Ef2bDD0B","30384","mainnet"
"Aptos Mainnet","1","Aptos","APT","Aptos","NativeOFTAdapter","0xa84a503845236bbb2fc83693cfb25ee4f5dc31e078131c38de8c7d27b65d3243","0xa84a503845236bbb2fc83693cfb25ee4f5dc31e078131c38de8c7d27b65d3243","30108","mainnet"
"Aptos Mainnet","1","Ethena","sUSDe","Ethena","OFTAdapter","0xa84fcc405fa7e5415f02f50167aac3d4ec2947187aabb9087f6b16d31c8715e5","0xa84fcc405fa7e5415f02f50167aac3d4ec2947187aabb9087f6b16d31c8715e5","30108","mainnet"
"Aptos Mainnet","1","Ethena","USDe","Ethena","OFTAdapter","0x9674429dcc02d2ed0d50fa24cb25262d349a5722b1a02502cff92e3cc85924b3","0x9674429dcc02d2ed0d50fa24cb25262d349a5722b1a02502cff92e3cc85924b3","30108","mainnet"
"Aptos Mainnet","1","wBTC","WBTC","wBTC","OFTAdapter","0xef3a1c7d6aa1a531336433e48d7b1d9b46c5bedc69f3db291df4e39bef4708e2","0xef3a1c7d6aa1a531336433e48d7b1d9b46c5bedc69f3db291df4e39bef4708e2","30108","mainnet"
"Arbitrum Mainnet","42161","7007","7007","7007","OFTAdapter","0xa4889a7023e375344f7fc42ca164d8aadf5e8dcc","0xa4889a7023e375344f7fc42ca164d8aadf5e8dcc","30110","mainnet"
"Arbitrum Mainnet","42161","AltLayer","ALT","AltLayer","OFT","0x85af271d1dfcbf53486d996f61d7ff0bba5582ea","0x85af271d1dfcbf53486d996f61d7ff0bba5582ea","30110","mainnet"
"Arbitrum Mainnet","42161","HeyAnon","Anon","HeyAnon","OFT","0x79bbf4508b1391af3a0f4b30bb5fc4aa9ab0e07c","0x79bbf4508b1391af3a0f4b30bb5fc4aa9ab0e07c","30110","mainnet"
"Arbitrum Mainnet","42161","ApeCoin","APE","ApeCoin","OFT","0x7f9fbf9bdd3f4105c478b996b648fe6e828a1e98","0x7f9fbf9bdd3f4105c478b996b648fe6e828a1e98","30110","mainnet"
"Arbitrum Mainnet","42161","Redacted Finance","apxETH","Redacted Finance","OFT","0x16ed8e219cde31e14a80dcb6c9127a5ec6e88e46","0x16ed8e219cde31e14a80dcb6c9127a5ec6e88e46","30110","mainnet"
"Arbitrum Mainnet","42161","Arken Finance","ARKEN","Arken Finance","OFTAdapter","0x64f282290e8d0196c2929a9119250c361e025bab","0x64f282290e8d0196c2929a9119250c361e025bab","30110","mainnet"
"Arbitrum Mainnet","42161","BetSwirl","BETS","BetSwirl","OFTAdapter","0x63a28da45373619400f8df9a2f9858a845374864","0x63a28da45373619400f8df9a2f9858a845374864","30110","mainnet"
"Arbitrum Mainnet","42161","Money On Chain","BPRO","Money On Chain","OFT","0xdbae615958708c0bc61234d2624b95077b017eb7","0xdbae615958708c0bc61234d2624b95077b017eb7","30110","mainnet"
"Arbitrum Mainnet","42161","BTC.b","BTC.b","BTC.b","OFT","0x2297aebd383787a160dd0d9f71508148769342e3","0x2297aebd383787a160dd0d9f71508148769342e3","30110","mainnet"
"Arbitrum Mainnet","42161","PancakeSwap","CAKE","PancakeSwap","OFT","0x1b896893dfc86bb67cf57767298b9073d2c1ba2c","0x1b896893dfc86bb67cf57767298b9073d2c1ba2c","30110","mainnet"
"Arbitrum Mainnet","42161","crow with knife","CAW","crow with knife","OFTAdapter","0x74897ef1b152e5a733d797cab5cee383fe052c56","0x74897ef1b152e5a733d797cab5cee383fe052c56","30110","mainnet"
"Arbitrum Mainnet","42161","Spatial Computing","CMPT","Spatial Computing","OFT","0x1883af6b51fb7f69577880004a82c9d68582022c","0x1883af6b51fb7f69577880004a82c9d68582022c","30110","mainnet"
"Arbitrum Mainnet","42161","Sugarverse","CNDY","Sugarverse","OFT","0x6b43732a9ae9f8654d496c0a075aa4aa43057a0b","0x6b43732a9ae9f8654d496c0a075aa4aa43057a0b","30110","mainnet"
"Arbitrum Mainnet","42161","Coq Inu","COQ","Coq Inu","OFT","0x420fca0121dc28039145009570975747295f2329","0x420fca0121dc28039145009570975747295f2329","30110","mainnet"
"Arbitrum Mainnet","42161","CV AGENTLAUNCHER Token","CVAI","CV AGENTLAUNCHER Token","OFT","0x6b34d1c35689dba179c2eddf6a01530bbb1d28a8","0x6b34d1c35689dba179c2eddf6a01530bbb1d28a8","30110","mainnet"
"Arbitrum Mainnet","42161","Degen","DEGEN","Degen","OFT","0x9f07f8a82cb1af1466252e505b7b7ddee103bc91","0x9f07f8a82cb1af1466252e505b7b7ddee103bc91","30110","mainnet"
"Arbitrum Mainnet","42161","DegenReborn","DegenReborn","DegenReborn","OFTAdapter","0xcbd78fb59cdae1cd70e4d27c2d9ceb8691589715","0xcbd78fb59cdae1cd70e4d27c2d9ceb8691589715","30110","mainnet"
"Arbitrum Mainnet","42161","Sanko Game Corp","DMT","Sanko Game Corp","OFTAdapter","0xa9aa07f082d9c15d0b6d7e9e5b68b1f898399c29","0xa9aa07f082d9c15d0b6d7e9e5b68b1f898399c29","30110","mainnet"
"Arbitrum Mainnet","42161","Money On Chain","DOC","Money On Chain","OFT","0x2ad62eb9744c720364f6ac856360a43e8a2229b5","0x2ad62eb9744c720364f6ac856360a43e8a2229b5","30110","mainnet"
"Arbitrum Mainnet","42161","Aethir","eATH","Aethir","OFT","0x1903aa5b603819b9debd2f4b202b686e9e393aff","0x1903aa5b603819b9debd2f4b202b686e9e393aff","30110","mainnet"
"Arbitrum Mainnet","42161","EDU Chain","EDU","EDU Chain","OFT","0xf8173a39c56a554837c4c7f104153a005d284d11","0xf8173a39c56a554837c4c7f104153a005d284d11","30110","mainnet"
"Arbitrum Mainnet","42161","EMDX","EMDX","EMDX","OFT","0xda71ea8ef58d015de8c5cea8f7b890db3a103e67","0xda71ea8ef58d015de8c5cea8f7b890db3a103e67","30110","mainnet"
"Arbitrum Mainnet","42161","Ethena","ENA","Ethena","OFT","0x58538e6a46e07434d7e7375bc268d3cb839c0133","0x58538e6a46e07434d7e7375bc268d3cb839c0133","30110","mainnet"
"Arbitrum Mainnet","42161","ETH","ETH","Stargate","StargatePool","0xA45B5130f36CDcA45667738e2a258AB09f4A5f7F","0x0000000000000000000000000000000000000000","30110","mainnet"
"Arbitrum Mainnet","42161","Euler","EUL","Euler","OFTAdapter","0x174834a9de4c2f0c13c7353e62c229e8d607c808","0x174834a9de4c2f0c13c7353e62c229e8d607c808","30110","mainnet"
"Arbitrum Mainnet","42161","Defactor","FACTR","Defactor","OFT","0xab24c63bee518ac956c8123389fc538c7e36d82c","0xab24c63bee518ac956c8123389fc538c7e36d82c","30110","mainnet"
"Arbitrum Mainnet","42161","Fluid","FLUID","Fluid","OFT","0x4e47951508fd4a4126f8ff9cf5e6fa3b7cc8e073","0x4e47951508fd4a4126f8ff9cf5e6fa3b7cc8e073","30110","mainnet"
"Arbitrum Mainnet","42161","FUEGO","FUEGO","FUEGO","OFT","0xac9ef66dc75e5340304d5cc48e185ff5262ae3ac","0xac9ef66dc75e5340304d5cc48e185ff5262ae3ac","30110","mainnet"
"Arbitrum Mainnet","42161","Frax Finance","FXS","Frax Finance","OFT","0x64445f0aecc51e94ad52d8ac56b7190e764e561a","0x64445f0aecc51e94ad52d8ac56b7190e764e561a","30110","mainnet"
"Arbitrum Mainnet","42161","Giza","GIZA","Giza","OFT","0xa4eaec0b1d564061a4951816fd5b1ba8cfbc425c","0xa4eaec0b1d564061a4951816fd5b1ba8cfbc425c","30110","mainnet"
"Arbitrum Mainnet","42161","GMBL COMPUTER","GMBL","GMBL COMPUTER","OFTAdapter","0x236626887687bf6a102269207f8f0a08549ae4f4","0x236626887687bf6a102269207f8f0a08549ae4f4","30110","mainnet"
"Arbitrum Mainnet","42161","InfiniGods","GOD","InfiniGods","OFT","0xb5130f4767ab0acc579f25a76e8f9e977cb3f948","0xb5130f4767ab0acc579f25a76e8f9e977cb3f948","30110","mainnet"
"Arbitrum Mainnet","42161","Goldenboys","GOLD","Goldenboys","OFT","0x8b5e4c9a188b1a187f2d1e80b1c2fb17fa2922e1","0x8b5e4c9a188b1a187f2d1e80b1c2fb17fa2922e1","30110","mainnet"
"Arbitrum Mainnet","42161","GammaSwap","GS","GammaSwap","OFT","0xb08d8becab1bf76a9ce3d2d5fa946f65ec1d3e83","0xb08d8becab1bf76a9ce3d2d5fa946f65ec1d3e83","30110","mainnet"
"Arbitrum Mainnet","42161","HLP0","HLP0","HLP0","OFT","0x3d75f2bb8abcdbd1e27443cb5cbce8a668046c81","0x3d75f2bb8abcdbd1e27443cb5cbce8a668046c81","30110","mainnet"
"Arbitrum Mainnet","42161","HOLO","HOT","HOLO","OFT","0x17e1e5c6bc9ebb11647c94e1c5e3ba619f2781ea","0x17e1e5c6bc9ebb11647c94e1c5e3ba619f2781ea","30110","mainnet"
"Arbitrum Mainnet","42161","Impossible Finance","IDIA","Impossible Finance","OFT","0x6db8b088c4d41d622b44cd81b900ba690f2d496c","0x6db8b088c4d41d622b44cd81b900ba690f2d496c","30110","mainnet"
"Arbitrum Mainnet","42161","Interport Finance","ITP","Interport Finance","OFT","0x2b1d36f5b61addaf7da7ebbd11b35fd8cfb0de31","0x2b1d36f5b61addaf7da7ebbd11b35fd8cfb0de31","30110","mainnet"
"Arbitrum Mainnet","42161","LFJ","JOE","LFJ","OFT","0x371c7ec6d8039ff7933a2aa28eb827ffe1f52f07","0x371c7ec6d8039ff7933a2aa28eb827ffe1f52f07","30110","mainnet"
"Arbitrum Mainnet","42161","KernelDAO","KERNEL","KernelDAO","OFT","0x6e401189c8a68d05562c9bab7f674f910821eacf","0x6e401189c8a68d05562c9bab7f674f910821eacf","30110","mainnet"
"Arbitrum Mainnet","42161","Lagrange","LA","Lagrange","OFT","0x0fc2a55d5bd13033f1ee0cdd11f60f7efe66f467","0x0fc2a55d5bd13033f1ee0cdd11f60f7efe66f467","30110","mainnet"
"Arbitrum Mainnet","42161","Maverick Protocol","MAV","Maverick Protocol","OFT","0x7448c7456a97769f6cd04f1e83a4a23ccdc46abd","0x7448c7456a97769f6cd04f1e83a4a23ccdc46abd","30110","mainnet"
"Arbitrum Mainnet","42161","Abracadabra Money","MIM","Abracadabra Money","OFTAdapter","0x957a8af7894e76e16db17c2a913496a4e60b7090","0x957a8af7894e76e16db17c2a913496a4e60b7090","30110","mainnet"
"Arbitrum Mainnet","42161","Prisma Finance","mkUSD","Prisma Finance","OFT","0x4591dbff62656e7859afe5e45f6f47d3669fbb28","0x4591dbff62656e7859afe5e45f6f47d3669fbb28","30110","mainnet"
"Arbitrum Mainnet","42161","Money On Chain","MOC","Money On Chain","OFT","0x6a4db980360fc55762e32f6921610601e1882846","0x6a4db980360fc55762e32f6921610601e1882846","30110","mainnet"
"Arbitrum Mainnet","42161","MyOFT2","MOFT2","MyOFT2","OFT","0x32af9ed768b48745a8e805fbce5616d0bd9868cf","0x32af9ed768b48745a8e805fbce5616d0bd9868cf","30110","mainnet"
"Arbitrum Mainnet","42161","Mon Protocol","MON","Mon Protocol","OFT","0xfc87d55bc8bf441abfc24d04b2068a8f77bcfcc0","0xfc87d55bc8bf441abfc24d04b2068a8f77bcfcc0","30110","mainnet"
"Arbitrum Mainnet","42161","Morpheus","MOR","Morpheus","OFT","0x092baadb7def4c3981454dd9c0a0d7ff07bcfc86","0x092baadb7def4c3981454dd9c0a0d7ff07bcfc86","30110","mainnet"
"Arbitrum Mainnet","42161","Morpho","MORPHO","Morpho","OFTAdapter","0xfc3329363cd51adbbaa52e389bee389981ccaae0","0xfc3329363cd51adbbaa52e389bee389981ccaae0","30110","mainnet"
"Arbitrum Mainnet","42161","Mozaic","MOZ","Mozaic","OFTAdapter","0x80cf6a0dcfe90a2c8f89b842a7f71da78fe92c6e","0x80cf6a0dcfe90a2c8f89b842a7f71da78fe92c6e","30110","mainnet"
"Arbitrum Mainnet","42161","OpenLeverage","OLE","OpenLeverage","OFT","0x7be5dd337cc6ce3e474f64e2a92a566445290864","0x7be5dd337cc6ce3e474f64e2a92a566445290864","30110","mainnet"
"Arbitrum Mainnet","42161","OmniCat","OMNI","OmniCat","OFT","0x9e20461bc2c4c980f62f1b279d71734207a6a356","0x9e20461bc2c4c980f62f1b279d71734207a6a356","30110","mainnet"
"Arbitrum Mainnet","42161","OpenOcean","OOE","OpenOcean","OFT","0xdcbf4cb83d27c408b30dd7f39bfcabd7176b1ba3","0xdcbf4cb83d27c408b30dd7f39bfcabd7176b1ba3","30110","mainnet"
"Arbitrum Mainnet","42161","GMX","OP","GMX","OFT","0xac800fd6159c2a2cb8fc31ef74621eb430287a5a","0xac800fd6159c2a2cb8fc31ef74621eb430287a5a","30110","mainnet"
"Arbitrum Mainnet","42161","ORA Protocol","ORA","ORA Protocol","OFT","0x333333c465a19c85f85c6cfbed7b16b0b26e3333","0x333333c465a19c85f85c6cfbed7b16b0b26e3333","30110","mainnet"
"Arbitrum Mainnet","42161","Orderly Network","ORDER","Orderly Network","OFT","0x4e200fe2f3efb977d5fd9c430a41531fb04d97b8","0x4e200fe2f3efb977d5fd9c430a41531fb04d97b8","30110","mainnet"
"Arbitrum Mainnet","42161","Osaka Protocol","OSAK","Osaka Protocol","OFT","0xbfd5206962267c7b4b4a8b3d76ac2e1b2a5c4d5e","0xbfd5206962267c7b4b4a8b3d76ac2e1b2a5c4d5e","30110","mainnet"
"Arbitrum Mainnet","42161","OX.Fun","OX","OX.Fun","OFT","0xba0dda8762c24da9487f5fa026a9b64b695a07ea","0xba0dda8762c24da9487f5fa026a9b64b695a07ea","30110","mainnet"
"Arbitrum Mainnet","42161","Open Exchange","OX.old","Open Exchange","OFT","0x78a0a62fba6fb21a83fe8a3433d44c73a4017a6f","0x78a0a62fba6fb21a83fe8a3433d44c73a4017a6f","30110","mainnet"
"Arbitrum Mainnet","42161","Pichi Finance","PCH","Pichi Finance","OFT","0xbe5acfd64358805616b5cbd5277b9a85011d7cf1","0xbe5acfd64358805616b5cbd5277b9a85011d7cf1","30110","mainnet"
"Arbitrum Mainnet","42161","PEPE","PEPE","PEPE","OFT","0x25d887ce7a35172c62febfd67a1856f20faebb00","0x25d887ce7a35172c62febfd67a1856f20faebb00","30110","mainnet"
"Arbitrum Mainnet","42161","Primex Finance","PMX","Primex Finance","OFT","0x0b3eaead748facdb9d943d3407011f16eb17d0cf","0x0b3eaead748facdb9d943d3407011f16eb17d0cf","30110","mainnet"
"Arbitrum Mainnet","42161","PrimeFi","PRFI","PrimeFi","OFT","0x7bbcf1b600565ae023a1806ef637af4739de3255","0x7bbcf1b600565ae023a1806ef637af4739de3255","30110","mainnet"
"Arbitrum Mainnet","42161","Redacted Finance","pxETH","Redacted Finance","OFT","0x300d2c875c6fb8ce4bf5480b4d34b7c9ea8a33a4","0x300d2c875c6fb8ce4bf5480b4d34b7c9ea8a33a4","30110","mainnet"
"Arbitrum Mainnet","42161","PayPal","PYUSD","PayPal","OFTAdapter","0xfab5891ed867a1195303251912013b92c4fc3a1d","0xfab5891ed867a1195303251912013b92c4fc3a1d","30110","mainnet"
"Arbitrum Mainnet","42161","Qi Dao","QI","Qi Dao","OFT","0xd3fdcb837dafdb7c9c3ebd48fe22a53f6dd3d7d7","0xd3fdcb837dafdb7c9c3ebd48fe22a53f6dd3d7d7","30110","mainnet"
"Arbitrum Mainnet","42161","Rootstock","RBTC","Rootstock","OFT","0x441fcb23dfe8289cf572126fedcf450974adc891","0x441fcb23dfe8289cf572126fedcf450974adc891","30110","mainnet"
"Arbitrum Mainnet","42161","Radiant Capital","RDNT","Radiant Capital","OFT","0x3082cc23568ea640225c2467653db90e9250aaa0","0x3082cc23568ea640225c2467653db90e9250aaa0","30110","mainnet"
"Arbitrum Mainnet","42161","Reunit Wallet","REUNI","Reunit Wallet","OFT","0x9ed7e4b1bff939ad473da5e7a218c771d1569456","0x9ed7e4b1bff939ad473da5e7a218c771d1569456","30110","mainnet"
"Arbitrum Mainnet","42161","Rootstock","RIF","Rootstock","OFT","0xe5e851b01dd3eda24fde709a407db44555b6d1e0","0xe5e851b01dd3eda24fde709a407db44555b6d1e0","30110","mainnet"
"Arbitrum Mainnet","42161","iEx.ec Network Token","RLC","iEx.ec Network Token","OFTAdapter","0x7000e96d0bfc74cf5259aedae6065b39b3888699","0x7000e96d0bfc74cf5259aedae6065b39b3888699","30110","mainnet"
"Arbitrum Mainnet","42161","Resolv Labs","RLP","Resolv Labs","OFT","0x35e5db674d8e93a03d814fa0ada70731efe8a4b9","0x35e5db674d8e93a03d814fa0ada70731efe8a4b9","30110","mainnet"
"Arbitrum Mainnet","42161","Kelp DAO","rsETH","Kelp DAO","OFT","0x4186bfc76e2e237523cbc30fd220fe055156b41f","0x4186bfc76e2e237523cbc30fd220fe055156b41f","30110","mainnet"
"Arbitrum Mainnet","42161","Swell Network","rswETH","Swell Network","OFT","0xb1fe27b32ffb5ce54e272c096547f1e86c19e72f","0xb1fe27b32ffb5ce54e272c096547f1e86c19e72f","30110","mainnet"
"Arbitrum Mainnet","42161","Reservoir","rUSD","Reservoir","OFT","0x09d4214c03d01f49544c0448dbe3a27f768f2b34","0x09d4214c03d01f49544c0448dbe3a27f768f2b34","30110","mainnet"
"Arbitrum Mainnet","42161","RWA Inc.","RWA","RWA Inc.","OFT","0xe2b1dc2d4a3b4e59fdf0c47b71a7a86391a8b35a","0xe2b1dc2d4a3b4e59fdf0c47b71a7a86391a8b35a","30110","mainnet"
"Arbitrum Mainnet","42161","Rezerve Money","RZR","Rezerve Money","OFT","0xb4444468e444f89e1c2cac2f1d3ee7e336cbd1f5","0xb4444468e444f89e1c2cac2f1d3ee7e336cbd1f5","30110","mainnet"
"Arbitrum Mainnet","42161","Brale","SBC","Brale","OFTAdapter","0xb9d852a3f9b3a82e243faab0272604102a111e1a","0xb9d852a3f9b3a82e243faab0272604102a111e1a","30110","mainnet"
"Arbitrum Mainnet","42161","Seedify Fund","SFUND","Seedify Fund","OFT","0x560363bda52bc6a44ca6c8c9b4a5fadbda32fa60","0x560363bda52bc6a44ca6c8c9b4a5fadbda32fa60","30110","mainnet"
"Arbitrum Mainnet","42161","Skate","SKATE","Skate","OFT","0x61dbbbb552dc893ab3aad09f289f811e67cef285","0x61dbbbb552dc893ab3aad09f289f811e67cef285","30110","mainnet"
"Arbitrum Mainnet","42161","Sensay","SNSY","Sensay","OFT","0x3124678d62d2aa1f615b54525310fbfda6dcf7ae","0x3124678d62d2aa1f615b54525310fbfda6dcf7ae","30110","mainnet"
"Arbitrum Mainnet","42161","Sophon","SOPH","Sophon","OFT","0x31dba3c96481fde3cd81c2aaf51f2d8bf618c742","0x31dba3c96481fde3cd81c2aaf51f2d8bf618c742","30110","mainnet"
"Arbitrum Mainnet","42161","Stargate","STG","Stargate","OFT","0x6694340fc020c5e6b96567843da2df01b2ce1eb6","0x6694340fc020c5e6b96567843da2df01b2ce1eb6","30110","mainnet"
"Arbitrum Mainnet","42161","Nibiru Chain","stNIBI","Nibiru Chain","OFT","0xf6bf87f1bfa46a5b840804450d85965951197bbe","0xf6bf87f1bfa46a5b840804450d85965951197bbe","30110","mainnet"
"Arbitrum Mainnet","42161","Ethena","sUSDe","Ethena","OFT","0x211cc4dd073734da055fbf44a2b4667d5e5fe5d2","0x211cc4dd073734da055fbf44a2b4667d5e5fe5d2","30110","mainnet"
"Arbitrum Mainnet","42161","Swell Network","swETH","Swell Network","OFT","0xbc011a12da28e8f0f528d9ee5e7039e22f91cf18","0xbc011a12da28e8f0f528d9ee5e7039e22f91cf18","30110","mainnet"
"Arbitrum Mainnet","42161","Seedify Fund","SWORLD","Seedify Fund","OFT","0x968be3f7bfef0f8edc3c1ad90232ebb0da0867aa","0x968be3f7bfef0f8edc3c1ad90232ebb0da0867aa","30110","mainnet"
"Arbitrum Mainnet","42161","Techimproving","TECH","Techimproving","OFT","0x488ef48ff9d803087cc96b347fc250244a9e8260","0x488ef48ff9d803087cc96b347fc250244a9e8260","30110","mainnet"
"Arbitrum Mainnet","42161","Tenet","TENET","Tenet","OFT","0x788d86e00ab31db859c3d6b80d5a9375801d7f2a","0x788d86e00ab31db859c3d6b80d5a9375801d7f2a","30110","mainnet"
"Arbitrum Mainnet","42161","Theo","thBILL","Theo","OFT","0xfdd22ce6d1f66bc0ec89b20bf16ccb6670f55a5a","0xfdd22ce6d1f66bc0ec89b20bf16ccb6670f55a5a","30110","mainnet"
"Arbitrum Mainnet","42161","Telos","TLOS","Telos","OFT","0x193f4a4a6ea24102f49b931deeeb931f6e32405d","0x193f4a4a6ea24102f49b931deeeb931f6e32405d","30110","mainnet"
"Arbitrum Mainnet","42161","Arbitrove Protocol","TROVE","Arbitrove Protocol","OFT","0x982239d38af50b0168da33346d85fb12929c4c07","0x982239d38af50b0168da33346d85fb12929c4c07","30110","mainnet"
"Arbitrum Mainnet","42161","Unicorn Fart Dust","UFD","Unicorn Fart Dust","OFT","0xfdfdfd005f127334f7c4eefef2252d2bf4b6e79e","0xfdfdfd005f127334f7c4eefef2252d2bf4b6e79e","30110","mainnet"
"Arbitrum Mainnet","42161","Unbound Finance","UNB","Unbound Finance","OFT","0xb2e787c6c83d6d75f466371a2966b27a8b700828","0xb2e787c6c83d6d75f466371a2966b27a8b700828","30110","mainnet"
"Arbitrum Mainnet","42161","unshETH","unshETH","unshETH","OFT","0x0ae38f7e10a43b5b2fb064b42a2f4514cba909ef","0x0ae38f7e10a43b5b2fb064b42a2f4514cba909ef","30110","mainnet"
"Arbitrum Mainnet","42161","USD₮0","USD₮0","Stargate","StargatePool","0xcE8CcA271Ebc0533920C83d39F417ED6A0abB7D0","0xFd086bC7CD5C481DCC9C85ebE478A1C0b69FCbb9","30110","mainnet"
"Arbitrum Mainnet","42161","Usual","USD0","Usual","OFTAdapter","0xe14c486b93c3b62f76f88cf8fe4b36fb672f3b26","0xe14c486b93c3b62f76f88cf8fe4b36fb672f3b26","30110","mainnet"
"Arbitrum Mainnet","42161","Usual","USD0++","Usual","OFTAdapter","0xd155d91009cbe9b0204b06ce1b62bf1d793d3111","0xd155d91009cbe9b0204b06ce1b62bf1d793d3111","30110","mainnet"
"Arbitrum Mainnet","42161","USDC","USDC","Stargate","StargatePool","0xe8CDF27AcD73a434D661C84887215F7598e7d0d3","0xaf88d065e77c8cC2239327C5EDb3A432268e5831","30110","mainnet"
"Arbitrum Mainnet","42161","Ethena","USDe","Ethena","OFT","0x5d3a1ff2b6bab83b63cd9ad0787074081a52ef34","0x5d3a1ff2b6bab83b63cd9ad0787074081a52ef34","30110","mainnet"
"Arbitrum Mainnet","42161","Money On Chain","USDRIF","Money On Chain","OFT","0x8eef5ed361c6823156d936209e23a8e0349e5c61","0x8eef5ed361c6823156d936209e23a8e0349e5c61","30110","mainnet"
"Arbitrum Mainnet","42161","USDT0","USDT0","USDT0","OFTAdapter","0x14e4a1b13bf7f943c8ff7c51fb60fa964a298d92","0x14e4a1b13bf7f943c8ff7c51fb60fa964a298d92","30110","mainnet"
"Arbitrum Mainnet","42161","USDT0 Native Mesh","USDT0","USDT0 Native Mesh","OFTAdapter","0x77652d5aba086137b595875263fc200182919b92","0x77652d5aba086137b595875263fc200182919b92","30110","mainnet"
"Arbitrum Mainnet","42161","Ethena","USDtb","Ethena","OFT","0xc708b6887db46005da033501f8aebee72d191a5d","0xc708b6887db46005da033501f8aebee72d191a5d","30110","mainnet"
"Arbitrum Mainnet","42161","Ondo Finance","USDY","Ondo Finance","OFTAdapter","0x0be393dc46248e4285dc5caca3084bc7e9bfbb41","0x0be393dc46248e4285dc5caca3084bc7e9bfbb41","30110","mainnet"
"Arbitrum Mainnet","42161","unshETH","USH","unshETH","OFT","0x51a80238b5738725128d3a3e06ab41c1d4c05c74","0x51a80238b5738725128d3a3e06ab41c1d4c05c74","30110","mainnet"
"Arbitrum Mainnet","42161","Resolv Labs","USR","Resolv Labs","OFT","0x2492d0006411af6c8bbb1c8afc1b0197350a79e9","0x2492d0006411af6c8bbb1c8afc1b0197350a79e9","30110","mainnet"
"Arbitrum Mainnet","42161","Usual","USUAL","Usual","OFTAdapter","0xd277cbcfe8cb37ca90129a33ec7ee590ee392b59","0xd277cbcfe8cb37ca90129a33ec7ee590ee392b59","30110","mainnet"
"Arbitrum Mainnet","42161","Vana","VANA","Vana","OFT","0x7ff7fa94b8b66ef313f7970d4eebd2cb3103a2c0","0x7ff7fa94b8b66ef313f7970d4eebd2cb3103a2c0","30110","mainnet"
"Arbitrum Mainnet","42161","Vitalik AI","VITAI","Vitalik AI","OFT","0x1b7ad346b6ff2d196daa8e78aed86baa6d7e3b02","0x1b7ad346b6ff2d196daa8e78aed86baa6d7e3b02","30110","mainnet"
"Arbitrum Mainnet","42161","WAGMI","WAGMI","WAGMI","OFT","0xaf20f5f19698f1d19351028cd7103b63d30de7d7","0xaf20f5f19698f1d19351028cd7103b63d30de7d7","30110","mainnet"
"Arbitrum Mainnet","42161","GMX","WBNB","GMX","OFT","0xa9004a5421372e1d83fb1f85b0fc986c912f91f3","0xa9004a5421372e1d83fb1f85b0fc986c912f91f3","30110","mainnet"
"Arbitrum Mainnet","42161","Wild Goat Coin","WGC","Wild Goat Coin","OFT","0xc53ac24320e3a54c7211e4993c8095078a0cb3cf","0xc53ac24320e3a54c7211e4993c8095078a0cb3cf","30110","mainnet"
"Arbitrum Mainnet","42161","Nibiru Chain","WNIBI","Nibiru Chain","OFT","0x80cf4350c702d466ef65305a73726349e98d7f57","0x80cf4350c702d466ef65305a73726349e98d7f57","30110","mainnet"
"Arbitrum Mainnet","42161","Resolv Labs","wsrUSD","Resolv Labs","OFT","0x4809010926aec940b550d34a46a52739f996d75d","0x4809010926aec940b550d34a46a52739f996d75d","30110","mainnet"
"Arbitrum Mainnet","42161","Resolv Labs","wstUSR","Resolv Labs","OFT","0x66cfbd79257dc5217903a36293120282548e2254","0x66cfbd79257dc5217903a36293120282548e2254","30110","mainnet"
"Arbitrum Mainnet","42161","WXTZ","WXTZ","WXTZ","OFT","0x7424f00845777a06e21f0bd8873f814a8a814b2d","0x7424f00845777a06e21f0bd8873f814a8a814b2d","30110","mainnet"
"Arbitrum Mainnet","42161","USDT0","XAUT0","USDT0","OFTAdapter","0xf40542a7B66AD7C68C459EE3679635D2fDB6dF39","0xf40542a7B66AD7C68C459EE3679635D2fDB6dF39","30110","mainnet"
"Arbitrum Mainnet","42161","XDC Network","XDC","XDC Network","OFT","0x11a72d2a88468c09f1bb63fc729d8649e84275a9","0x11a72d2a88468c09f1bb63fc729d8649e84275a9","30110","mainnet"
"Arbitrum Mainnet","42161","Venus Protocol","XVS","Venus Protocol","OFTAdapter","0x20cea49b5f7a6dbd78cae772ca5973ef360aa1e6","0x20cea49b5f7a6dbd78cae772ca5973ef360aa1e6","30110","mainnet"
"Arbitrum Mainnet","42161","KernelDAO","ynBTCk","KernelDAO","OFTAdapter","0xfd72fbb61798f3bcb707f5ba98cb72a87cca02a2","0xfd72fbb61798f3bcb707f5ba98cb72a87cca02a2","30110","mainnet"
"Arbitrum Mainnet","42161","YieldNest","YND","YieldNest","OFTAdapter","0xc099ab708e20e8b25c63ca156d7cc94404c55416","0xc099ab708e20e8b25c63ca156d7cc94404c55416","30110","mainnet"
"Arbitrum Mainnet","42161","YieldNest","ynETHx","YieldNest","OFTAdapter","0xbe82cbe217bf4e0a87dd88c552e93054f4ef2c7c","0xbe82cbe217bf4e0a87dd88c552e93054f4ef2c7c","30110","mainnet"
"Arbitrum Mainnet","42161","Aegis","YUSD","Aegis","OFT","0xf07781182b47e728b040f9e35321260e359ff9f7","0xf07781182b47e728b040f9e35321260e359ff9f7","30110","mainnet"
"Arbitrum Mainnet","42161","Zerolend","ZERO","Zerolend","OFT","0x0bd27617e20f09a8e7ffdae281e383b4b2f7a742","0x0bd27617e20f09a8e7ffdae281e383b4b2f7a742","30110","mainnet"
"Arbitrum Mainnet","42161","ZRO Token","ZRO","ZRO Token","OFT","0x6985884c4392d348587b19cb9eaaf157f13271cd","0x6985884c4392d348587b19cb9eaaf157f13271cd","30110","mainnet"
"Astar Mainnet","592","Bifrost","vASTR","Bifrost","OFTAdapter","0xba273b7fa296614019c71dcc54dca6c922a93bcf","0xba273b7fa296614019c71dcc54dca6c922a93bcf","30210","mainnet"
"Avalanche Mainnet","43114","HeyAnon","Anon","HeyAnon","OFT","0x79bbf4508b1391af3a0f4b30bb5fc4aa9ab0e07c","0x79bbf4508b1391af3a0f4b30bb5fc4aa9ab0e07c","30106","mainnet"
"Avalanche Mainnet","43114","Balancer","BAL","Balancer","OFT","0xe15bcb9e0ea69e6ab9fa080c4c4a5632896298c3","0xe15bcb9e0ea69e6ab9fa080c4c4a5632896298c3","30106","mainnet"
"Avalanche Mainnet","43114","BetSwirl","BETS","BetSwirl","OFTAdapter","0x73ddb67cb110012676fa3770fe595f85b9ee1ac3","0x73ddb67cb110012676fa3770fe595f85b9ee1ac3","30106","mainnet"
"Avalanche Mainnet","43114","BTC.b","BTC.b","BTC.b","OFTAdapter","0x2297aebd383787a160dd0d9f71508148769342e3","0x2297aebd383787a160dd0d9f71508148769342e3","30106","mainnet"
"Avalanche Mainnet","43114","Coq Inu","COQ","Coq Inu","OFTAdapter","0x347f7268ad43f3f7b68c4d64a8c0523830100c8b","0x347f7268ad43f3f7b68c4d64a8c0523830100c8b","30106","mainnet"
"Avalanche Mainnet","43114","EMDX","EMDX","EMDX","OFTAdapter","0x3cb9aebe6c9097135e8421b4c7a93e2c0b99200f","0x3cb9aebe6c9097135e8421b4c7a93e2c0b99200f","30106","mainnet"
"Avalanche Mainnet","43114","Ethena","ENA","Ethena","OFT","0x58538e6a46e07434d7e7375bc268d3cb839c0133","0x58538e6a46e07434d7e7375bc268d3cb839c0133","30106","mainnet"
"Avalanche Mainnet","43114","Euler","EUL","Euler","OFTAdapter","0xf1a5f97ab84158cf6d8ba8def68780fc2fd64310","0xf1a5f97ab84158cf6d8ba8def68780fc2fd64310","30106","mainnet"
"Avalanche Mainnet","43114","EURC","EURC","Stargate","StargatePool","0x0cEb237E109eE22374a567c6b09F373C73FA4cBb","0xC891EB4cbdEFf6e073e859e987815Ed1505c2ACD","30106","mainnet"
"Avalanche Mainnet","43114","Fautor","FTR","Fautor","OFT","0x61f23250451305f6c4426e81c50ae535edf94a02","0x61f23250451305f6c4426e81c50ae535edf94a02","30106","mainnet"
"Avalanche Mainnet","43114","FUEGO","FUEGO","FUEGO","OFT","0xac9ef66dc75e5340304d5cc48e185ff5262ae3ac","0xac9ef66dc75e5340304d5cc48e185ff5262ae3ac","30106","mainnet"
"Avalanche Mainnet","43114","Frax Finance","FXS","Frax Finance","OFT","0x64445f0aecc51e94ad52d8ac56b7190e764e561a","0x64445f0aecc51e94ad52d8ac56b7190e764e561a","30106","mainnet"
"Avalanche Mainnet","43114","GMBL COMPUTER","GMBL","GMBL COMPUTER","OFT","0x236626887687bf6a102269207f8f0a08549ae4f4","0x236626887687bf6a102269207f8f0a08549ae4f4","30106","mainnet"
"Avalanche Mainnet","43114","HLP0","HLP0","HLP0","OFT","0x3d75f2bb8abcdbd1e27443cb5cbce8a668046c81","0x3d75f2bb8abcdbd1e27443cb5cbce8a668046c81","30106","mainnet"
"Avalanche Mainnet","43114","Interport Finance","ITP","Interport Finance","OFT","0x2b1d36f5b61addaf7da7ebbd11b35fd8cfb0de31","0x2b1d36f5b61addaf7da7ebbd11b35fd8cfb0de31","30106","mainnet"
"Avalanche Mainnet","43114","LFJ","JOE","LFJ","OFTAdapter","0x371c7ec6d8039ff7933a2aa28eb827ffe1f52f07","0x371c7ec6d8039ff7933a2aa28eb827ffe1f52f07","30106","mainnet"
"Avalanche Mainnet","43114","Metis","METIS","Metis","OFT","0xcecb301c2e2a04dd631428c386dd21db70716f8a","0xcecb301c2e2a04dd631428c386dd21db70716f8a","30106","mainnet"
"Avalanche Mainnet","43114","Abracadabra Money","MIM","Abracadabra Money","OFTAdapter","0xb3a66127ccb143bfb01d3aecd3ce9d17381b130d","0xb3a66127ccb143bfb01d3aecd3ce9d17381b130d","30106","mainnet"
"Avalanche Mainnet","43114","MyOFT2","MOFT2","MyOFT2","OFT","0x32af9ed768b48745a8e805fbce5616d0bd9868cf","0x32af9ed768b48745a8e805fbce5616d0bd9868cf","30106","mainnet"
"Avalanche Mainnet","43114","GMX","OP","GMX","OFT","0xac800fd6159c2a2cb8fc31ef74621eb430287a5a","0xac800fd6159c2a2cb8fc31ef74621eb430287a5a","30106","mainnet"
"Avalanche Mainnet","43114","Orderly Network","ORDER","Orderly Network","OFT","0x4e200fe2f3efb977d5fd9c430a41531fb04d97b8","0x4e200fe2f3efb977d5fd9c430a41531fb04d97b8","30106","mainnet"
"Avalanche Mainnet","43114","Osaka Protocol","OSAK","Osaka Protocol","OFT","0x96e1056a8814de39c8c3cd0176042d6cecd807d7","0x96e1056a8814de39c8c3cd0176042d6cecd807d7","30106","mainnet"
"Avalanche Mainnet","43114","OX.Fun","OX","OX.Fun","OFT","0xba0dda8762c24da9487f5fa026a9b64b695a07ea","0xba0dda8762c24da9487f5fa026a9b64b695a07ea","30106","mainnet"
"Avalanche Mainnet","43114","Open Exchange","OX.old","Open Exchange","OFT","0x78a0a62fba6fb21a83fe8a3433d44c73a4017a6f","0x78a0a62fba6fb21a83fe8a3433d44c73a4017a6f","30106","mainnet"
"Avalanche Mainnet","43114","Qi Dao","QI","Qi Dao","OFT","0xd3fdcb837dafdb7c9c3ebd48fe22a53f6dd3d7d7","0xd3fdcb837dafdb7c9c3ebd48fe22a53f6dd3d7d7","30106","mainnet"
"Avalanche Mainnet","43114","Rekt","REKT","Rekt","OFT","0x0f875ae3eb1fc8a3289657676fc2a288585982a5","0x0f875ae3eb1fc8a3289657676fc2a288585982a5","30106","mainnet"
"Avalanche Mainnet","43114","Reunit Wallet","REUNI","Reunit Wallet","OFT","0x9ed7e4b1bff939ad473da5e7a218c771d1569456","0x9ed7e4b1bff939ad473da5e7a218c771d1569456","30106","mainnet"
"Avalanche Mainnet","43114","Onering Tools","RING","Onering Tools","OFT","0x9b732365d6406c42e54c6b1d71cf835a257b350f","0x9b732365d6406c42e54c6b1d71cf835a257b350f","30106","mainnet"
"Avalanche Mainnet","43114","Kelp DAO","rsETH","Kelp DAO","OFT","0xc430c78da6e4af49bd115f0329d154bb135f1363","0xc430c78da6e4af49bd115f0329d154bb135f1363","30106","mainnet"
"Avalanche Mainnet","43114","Reservoir","rUSD","Reservoir","OFT","0x09d4214c03d01f49544c0448dbe3a27f768f2b34","0x09d4214c03d01f49544c0448dbe3a27f768f2b34","30106","mainnet"
"Avalanche Mainnet","43114","Brale","SBC","Brale","OFTAdapter","0x1bf472c38b00f6070abb61628d76870561890bba","0x1bf472c38b00f6070abb61628d76870561890bba","30106","mainnet"
"Avalanche Mainnet","43114","Seedify Fund","SFUND","Seedify Fund","OFT","0xb02f37a282c028958de65711158422199a61e9ae","0xb02f37a282c028958de65711158422199a61e9ae","30106","mainnet"
"Avalanche Mainnet","43114","SHRAPNEL","SHRAP","SHRAPNEL","OFT","0xd402298a793948698b9a63311404fbbee944eafd","0xd402298a793948698b9a63311404fbbee944eafd","30106","mainnet"
"Avalanche Mainnet","43114","Stargate","STG","Stargate","OFT","0x2f6f07cdcf3588944bf4c42ac74ff24bf56e7590","0x2f6f07cdcf3588944bf4c42ac74ff24bf56e7590","30106","mainnet"
"Avalanche Mainnet","43114","Ethena","sUSDe","Ethena","OFT","0x211cc4dd073734da055fbf44a2b4667d5e5fe5d2","0x211cc4dd073734da055fbf44a2b4667d5e5fe5d2","30106","mainnet"
"Avalanche Mainnet","43114","Seedify Fund","SWORLD","Seedify Fund","OFT","0x968be3f7bfef0f8edc3c1ad90232ebb0da0867aa","0x968be3f7bfef0f8edc3c1ad90232ebb0da0867aa","30106","mainnet"
"Avalanche Mainnet","43114","Techimproving","TECH","Techimproving","OFTAdapter","0xe9a3b326c5b06fa848b11e07080c3ac926fbe787","0xe9a3b326c5b06fa848b11e07080c3ac926fbe787","30106","mainnet"
"Avalanche Mainnet","43114","Tenet","TENET","Tenet","OFT","0x788d86e00ab31db859c3d6b80d5a9375801d7f2a","0x788d86e00ab31db859c3d6b80d5a9375801d7f2a","30106","mainnet"
"Avalanche Mainnet","43114","Telos","TLOS","Telos","OFT","0xed667dc80a45b77305cc395db56d997597dc6ddd","0xed667dc80a45b77305cc395db56d997597dc6ddd","30106","mainnet"
"Avalanche Mainnet","43114","Unicorn Fart Dust","UFD","Unicorn Fart Dust","OFT","0xfdfdfd005f127334f7c4eefef2252d2bf4b6e79e","0xfdfdfd005f127334f7c4eefef2252d2bf4b6e79e","30106","mainnet"
"Avalanche Mainnet","43114","Unix Corp","UNIX","Unix Corp","OFT","0x6f97d3f120fbbdaacf1c9da61a8ad126b7426861","0x6f97d3f120fbbdaacf1c9da61a8ad126b7426861","30106","mainnet"
"Avalanche Mainnet","43114","USDC","USDC","Stargate","StargatePool","0x5634c4a5FEd09819E3c46D86A965Dd9447d86e47","0xB97EF9Ef8734C71904D8002F8b6Bc66Dd9c48a6E","30106","mainnet"
"Avalanche Mainnet","43114","Ethena","USDe","Ethena","OFT","0x5d3a1ff2b6bab83b63cd9ad0787074081a52ef34","0x5d3a1ff2b6bab83b63cd9ad0787074081a52ef34","30106","mainnet"
"Avalanche Mainnet","43114","USDt","USDt","Stargate","StargatePool","0x12dC9256Acc9895B076f6638D628382881e62CeE","0x9702230A8Ea53601f5cD2dc00fDBc13d4dF4A8c7","30106","mainnet"
"Avalanche Mainnet","43114","Vana","VANA","Vana","OFT","0x7ff7fa94b8b66ef313f7970d4eebd2cb3103a2c0","0x7ff7fa94b8b66ef313f7970d4eebd2cb3103a2c0","30106","mainnet"
"Avalanche Mainnet","43114","WAGMI","WAGMI","WAGMI","OFT","0xaf20f5f19698f1d19351028cd7103b63d30de7d7","0xaf20f5f19698f1d19351028cd7103b63d30de7d7","30106","mainnet"
"Avalanche Mainnet","43114","GMX","WBNB","GMX","OFT","0xa9004a5421372e1d83fb1f85b0fc986c912f91f3","0xa9004a5421372e1d83fb1f85b0fc986c912f91f3","30106","mainnet"
"Avalanche Mainnet","43114","wBTC","WBTC","wBTC","OFT","0x0555e30da8f98308edb960aa94c0db47230d2b9c","0x0555e30da8f98308edb960aa94c0db47230d2b9c","30106","mainnet"
"Avalanche Mainnet","43114","Ether.Fi","weETH","Ether.Fi","OFT","0xa3d68b74bf0528fdd07263c60d6488749044914b","0xa3d68b74bf0528fdd07263c60d6488749044914b","30106","mainnet"
"Avalanche Mainnet","43114","Wild Goat Coin","WGC","Wild Goat Coin","OFT","0xc53ac24320e3a54c7211e4993c8095078a0cb3cf","0xc53ac24320e3a54c7211e4993c8095078a0cb3cf","30106","mainnet"
"Avalanche Mainnet","43114","Wilder World","WILD","Wilder World","OFT","0x153374c6d6786b6ca2c4bc96f9c3a471428f2bc7","0x153374c6d6786b6ca2c4bc96f9c3a471428f2bc7","30106","mainnet"
"Avalanche Mainnet","43114","Resolv Labs","wsrUSD","Resolv Labs","OFT","0x4809010926aec940b550d34a46a52739f996d75d","0x4809010926aec940b550d34a46a52739f996d75d","30106","mainnet"
"Avalanche Mainnet","43114","OFFICIAL TRUMP","WTRUMP","OFFICIAL TRUMP","OFT","0xa80f36ba18c7f721f3f7acdbcdefd3a86869a036","0xa80f36ba18c7f721f3f7acdbcdefd3a86869a036","30106","mainnet"
"Avalanche Mainnet","43114","USDT0","XAUT0","USDT0","OFTAdapter","0x7E7866bc840aFf9f517a49AfDbfC9e7C7Aba9a68","0x7E7866bc840aFf9f517a49AfDbfC9e7C7Aba9a68","30106","mainnet"
"Avalanche Mainnet","43114","Aegis","YUSD","Aegis","OFT","0xca2671dcd031a72359f456c212f62a9bda737cd7","0xca2671dcd031a72359f456c212f62a9bda737cd7","30106","mainnet"
"Avalanche Mainnet","43114","ZRO Token","ZRO","ZRO Token","OFT","0x6985884c4392d348587b19cb9eaaf157f13271cd","0x6985884c4392d348587b19cb9eaaf157f13271cd","30106","mainnet"
"Base Mainnet","8453","7007","7007","7007","OFT","0x77a4b0bfe5c7257f67a1de1b99aa7e157035b1b2","0x77a4b0bfe5c7257f67a1de1b99aa7e157035b1b2","30184","mainnet"
"Base Mainnet","8453","Virtuals Protocol","AIXBT","Virtuals Protocol","OFTAdapter","0x0d37af9d8ae74f35f3a38bd2a08fcb29890ca6d2","0x0d37af9d8ae74f35f3a38bd2a08fcb29890ca6d2","30184","mainnet"
"Base Mainnet","8453","AltLayer","ALT","AltLayer","OFT","0x85af271d1dfcbf53486d996f61d7ff0bba5582ea","0x85af271d1dfcbf53486d996f61d7ff0bba5582ea","30184","mainnet"
"Base Mainnet","8453","HeyAnon","Anon","HeyAnon","OFT","0x79bbf4508b1391af3a0f4b30bb5fc4aa9ab0e07c","0x79bbf4508b1391af3a0f4b30bb5fc4aa9ab0e07c","30184","mainnet"
"Base Mainnet","8453","ANyONe Protocol","ANYONE","ANyONe Protocol","OFT","0xe67f39fbe8c24ef8b3542efed1ee9963cefc1f2a","0xe67f39fbe8c24ef8b3542efed1ee9963cefc1f2a","30184","mainnet"
"Base Mainnet","8453","AP3X","AP3X","AP3X","OFT","0x9208d82f121806a34a39bb90733b4c5c54f3993e","0x9208d82f121806a34a39bb90733b4c5c54f3993e","30184","mainnet"
"Base Mainnet","8453","Redacted Finance","apxETH","Redacted Finance","OFT","0xed97d39448d1c3891aafcb28c9cf63f893d65743","0xed97d39448d1c3891aafcb28c9cf63f893d65743","30184","mainnet"
"Base Mainnet","8453","Asymmetry Finance","ASF","Asymmetry Finance","OFT","0x7543e3829ecdd61a5fd7c187ff88c4cf46e30f73","0x7543e3829ecdd61a5fd7c187ff88c4cf46e30f73","30184","mainnet"
"Base Mainnet","8453","Permission","ASK","Permission","OFT","0xbb146326778227a8498b105a18f84e0987a684b4","0xbb146326778227a8498b105a18f84e0987a684b4","30184","mainnet"
"Base Mainnet","8453","ASPECTA","ASP","ASPECTA","OFT","0xad8c787992428cd158e451aab109f724b6bc36de","0xad8c787992428cd158e451aab109f724b6bc36de","30184","mainnet"
"Base Mainnet","8453","AUKI","AUKI","AUKI","OFTAdapter","0x67c89da66cc7e007a3302541daee899837bd8bcc","0x67c89da66cc7e007a3302541daee899837bd8bcc","30184","mainnet"
"Base Mainnet","8453","AVA","AVA","AVA","OFT","0x80ca9edce4583b8043351a1046f18244b24ef869","0x80ca9edce4583b8043351a1046f18244b24ef869","30184","mainnet"
"Base Mainnet","8453","Bonsai3","BAI","Bonsai3","OFT","0x31ea904a7eca45122890deb8da3473a2081bc9d1","0x31ea904a7eca45122890deb8da3473a2081bc9d1","30184","mainnet"
"Base Mainnet","8453","DaoBase","BEE","DaoBase","OFTAdapter","0x7360183b9d0332ae266a9310599195ba1c6c4dfb","0x7360183b9d0332ae266a9310599195ba1c6c4dfb","30184","mainnet"
"Base Mainnet","8453","Bombie","BOMB","Bombie","OFTAdapter","0x37e8ca1050b22ea75110adefc71979ee3617ee02","0x37e8ca1050b22ea75110adefc71979ee3617ee02","30184","mainnet"
"Base Mainnet","8453","BONSAI","BONSAI","BONSAI","OFT","0x474f4cb764df9da079d94052fed39625c147c12c","0x474f4cb764df9da079d94052fed39625c147c12c","30184","mainnet"
"Base Mainnet","8453","BONSAICOIN","BONSAICOIN","BONSAICOIN","OFT","0xa0aebd4ae5f256b72b7d43f67ed934237adb1aee","0xa0aebd4ae5f256b72b7d43f67ed934237adb1aee","30184","mainnet"
"Base Mainnet","8453","Debox","BOX","Debox","OFT","0x37d2adc008118d04f259fc0c16ff66bf5a637d20","0x37d2adc008118d04f259fc0c16ff66bf5a637d20","30184","mainnet"
"Base Mainnet","8453","Bright Union","BRIGHT","Bright Union","OFT","0xa26a4611b8313bbb25ccb1a9e227ecc536a2f8f7","0xa26a4611b8313bbb25ccb1a9e227ecc536a2f8f7","30184","mainnet"
"Base Mainnet","8453","Virtuals Protocol","BTA","Virtuals Protocol","OFTAdapter","0xe66d6054cd609a53669b6f09727ea9388ad84077","0xe66d6054cd609a53669b6f09727ea9388ad84077","30184","mainnet"
"Base Mainnet","8453","Chainbase","C","Chainbase","OFTAdapter","0x3ade69d08ac3c7c0cc3654eeedbe899f109f7181","0x3ade69d08ac3c7c0cc3654eeedbe899f109f7181","30184","mainnet"
"Base Mainnet","8453","PancakeSwap","CAKE","PancakeSwap","OFT","0x3055913c90fcc1a6ce9a358911721eeb942013a1","0x3055913c90fcc1a6ce9a358911721eeb942013a1","30184","mainnet"
"Base Mainnet","8453","crow with knife","CAW","crow with knife","OFTAdapter","0x74897ef1b152e5a733d797cab5cee383fe052c56","0x74897ef1b152e5a733d797cab5cee383fe052c56","30184","mainnet"
"Base Mainnet","8453","Cere Network","CERE","Cere Network","OFT","0x9886447ff4c350f4600e4bf95db756bdc629b1ca","0x9886447ff4c350f4600e4bf95db756bdc629b1ca","30184","mainnet"
"Base Mainnet","8453","Spatial Computing","CMPT","Spatial Computing","OFT","0x1883af6b51fb7f69577880004a82c9d68582022c","0x1883af6b51fb7f69577880004a82c9d68582022c","30184","mainnet"
"Base Mainnet","8453","COCA Wallet","COCA","COCA Wallet","OFT","0x959fc04dbf97a27073f89237cd62605f4d1b906d","0x959fc04dbf97a27073f89237cd62605f4d1b906d","30184","mainnet"
"Base Mainnet","8453","Cookie DAO","COOKIE","Cookie DAO","OFT","0xc0041ef357b183448b235a8ea73ce4e4ec8c265f","0xc0041ef357b183448b235a8ea73ce4e4ec8c265f","30184","mainnet"
"Base Mainnet","8453","Coq Inu","COQ","Coq Inu","OFT","0x420fca0121dc28039145009570975747295f2329","0x420fca0121dc28039145009570975747295f2329","30184","mainnet"
"Base Mainnet","8453","CV AGENTLAUNCHER Token","CVAI","CV AGENTLAUNCHER Token","OFT","0x6b34d1c35689dba179c2eddf6a01530bbb1d28a8","0x6b34d1c35689dba179c2eddf6a01530bbb1d28a8","30184","mainnet"
"Base Mainnet","8453","Degen","DEGEN","Degen","OFTAdapter","0xdb8e759859058952c34953c8469f464109826e52","0xdb8e759859058952c34953c8469f464109826e52","30184","mainnet"
"Base Mainnet","8453","DEGENAI","degenai","DEGENAI","OFT","0xbcf1d3bf77f4d29d9c54ae5dc51d8c2acea5be3c","0xbcf1d3bf77f4d29d9c54ae5dc51d8c2acea5be3c","30184","mainnet"
"Base Mainnet","8453","Xmaquina","DEUS","Xmaquina","OFT","0x940a319b75861014a220d9c6c144d108552b089b","0x940a319b75861014a220d9c6c144d108552b089b","30184","mainnet"
"Base Mainnet","8453","Dinero","DINERO","Dinero","OFT","0x09d9420332bff75522a45fcff4855f82a0a3ff50","0x09d9420332bff75522a45fcff4855f82a0a3ff50","30184","mainnet"
"Base Mainnet","8453","DogLibre","DOGL","DogLibre","OFT","0xb757977bc882a14db86b048f2abb2f2a14d33184","0xb757977bc882a14db86b048f2abb2f2a14d33184","30184","mainnet"
"Base Mainnet","8453","Ethena","ENA","Ethena","OFT","0x58538e6a46e07434d7e7375bc268d3cb839c0133","0x58538e6a46e07434d7e7375bc268d3cb839c0133","30184","mainnet"
"Base Mainnet","8453","ETH","ETH","Stargate","StargatePool","0xdc181Bd607330aeeBEF6ea62e03e5e1Fb4B6F7C7","0x0000000000000000000000000000000000000000","30184","mainnet"
"Base Mainnet","8453","Euler","EUL","Euler","OFTAdapter","0x9ff7ea0cf94b8665c2f5d17560bd34ab9bbacd21","0x9ff7ea0cf94b8665c2f5d17560bd34ab9bbacd21","30184","mainnet"
"Base Mainnet","8453","EURC","EURC","Stargate","StargatePool","0x87Dd5A7481726a53C5Ac6b0D296F5846f95a72f2","0x60a3E35Cc302bFA44Cb288Bc5a4F316Fdb1adb42","30184","mainnet"
"Base Mainnet","8453","Sunflower Land","FLOWER","Sunflower Land","OFT","0x3e12b9d6a4d12cd9b4a6d613872d0eb32f68b380","0x3e12b9d6a4d12cd9b4a6d613872d0eb32f68b380","30184","mainnet"
"Base Mainnet","8453","Frax Finance","FPI","Frax Finance","OFT","0xe41228a455700caf09e551805a8ab37caa39d08c","0xe41228a455700caf09e551805a8ab37caa39d08c","30184","mainnet"
"Base Mainnet","8453","Frax Finance","FRAX","Frax Finance","OFT","0x909dbde1ebe906af95660033e478d59efe831fed","0x909dbde1ebe906af95660033e478d59efe831fed","30184","mainnet"
"Base Mainnet","8453","Frax Finance","frxETH","Frax Finance","OFT","0xf010a7c8877043681d59ad125ebf575633505942","0xf010a7c8877043681d59ad125ebf575633505942","30184","mainnet"
"Base Mainnet","8453","FUEGO","FUEGO","FUEGO","OFTAdapter","0x6f756c0437a8c2193456a5bf09a61185a56dcc76","0x6f756c0437a8c2193456a5bf09a61185a56dcc76","30184","mainnet"
"Base Mainnet","8453","Frax Finance","FXS","Frax Finance","OFT","0x0ceac003b0d2479bebec9f4b2ebad0a803759bbf","0x0ceac003b0d2479bebec9f4b2ebad0a803759bbf","30184","mainnet"
"Base Mainnet","8453","Frax Finance","FXS (old)","Frax Finance","OFT","0x23432452b720c80553458496d4d9d7c5003280d0","0x23432452b720c80553458496d4d9d7c5003280d0","30184","mainnet"
"Base Mainnet","8453","Fyde","FYDE","Fyde","OFT","0xac80e841cb4ed3f85436de84ee1e92cdf00144e6","0xac80e841cb4ed3f85436de84ee1e92cdf00144e6","30184","mainnet"
"Base Mainnet","8453","Giza","GIZA","Giza","OFT","0x590830dfdf9a3f68afcdde2694773debdf267774","0x590830dfdf9a3f68afcdde2694773debdf267774","30184","mainnet"
"Base Mainnet","8453","InfiniGods","GOD","InfiniGods","OFT","0xb5130f4767ab0acc579f25a76e8f9e977cb3f948","0xb5130f4767ab0acc579f25a76e8f9e977cb3f948","30184","mainnet"
"Base Mainnet","8453","Goldenboys","GOLD","Goldenboys","OFTAdapter","0xdee1b2dab488b0d71677200ea1330fdced01e144","0xdee1b2dab488b0d71677200ea1330fdced01e144","30184","mainnet"
"Base Mainnet","8453","GammaSwap","GS","GammaSwap","OFT","0xc4d44c155f95fd4e94600d191a4a01bb571df7df","0xc4d44c155f95fd4e94600d191a4a01bb571df7df","30184","mainnet"
"Base Mainnet","8453","Hacken","HAI","Hacken","OFT","0x7002987e5f63716273e77b51e12a578143c222aa","0x7002987e5f63716273e77b51e12a578143c222aa","30184","mainnet"
"Base Mainnet","8453","Hive Intelligence","HINT","Hive Intelligence","OFTAdapter","0xc8de92105c01af3a58791cdbaf14f232621dbe17","0xc8de92105c01af3a58791cdbaf14f232621dbe17","30184","mainnet"
"Base Mainnet","8453","Home","HOME","Home","OFT","0x4bfaa776991e85e5f8b1255461cbbd216cfc714f","0x4bfaa776991e85e5f8b1255461cbbd216cfc714f","30184","mainnet"
"Base Mainnet","8453","HOLO","HOT","HOLO","OFT","0xf3dd141109dfe8e4c006f88a2a8747a086e7c1f8","0xf3dd141109dfe8e4c006f88a2a8747a086e7c1f8","30184","mainnet"
"Base Mainnet","8453","Ironclad","ICL","Ironclad","OFT","0x12c26138b666360ab2b7a1b149df9cf6642cdfbf","0x12c26138b666360ab2b7a1b149df9cf6642cdfbf","30184","mainnet"
"Base Mainnet","8453","Impossible Finance","IDIA","Impossible Finance","OFT","0x8255775bea425f910044ddfb7681d6d87fd5489d","0x8255775bea425f910044ddfb7681d6d87fd5489d","30184","mainnet"
"Base Mainnet","8453","IMO","IMO","IMO","OFT","0x5a7a2bf9ffae199f088b25837dcd7e115cf8e1bb","0x5a7a2bf9ffae199f088b25837dcd7e115cf8e1bb","30184","mainnet"
"Base Mainnet","8453","INT OS","INTOS","INT OS","OFTAdapter","0xd97e1d6051a2c36fd9cfd2e1640c699c29724860","0xd97e1d6051a2c36fd9cfd2e1640c699c29724860","30184","mainnet"
"Base Mainnet","8453","ISLAND","ISLAND","ISLAND","OFT","0x157a6df6b74f4e5e45af4e4615fde7b49225a662","0x157a6df6b74f4e5e45af4e4615fde7b49225a662","30184","mainnet"
"Base Mainnet","8453","Interport Finance","ITP","Interport Finance","OFT","0x2b1d36f5b61addaf7da7ebbd11b35fd8cfb0de31","0x2b1d36f5b61addaf7da7ebbd11b35fd8cfb0de31","30184","mainnet"
"Base Mainnet","8453","Kim Exchange","KIM","Kim Exchange","OFT","0x5dc25aa049837b696d1dc0f966ac8df1491f819b","0x5dc25aa049837b696d1dc0f966ac8df1491f819b","30184","mainnet"
"Base Mainnet","8453","Kolz Chat","KOLZ","Kolz Chat","OFT","0x50ce4129ca261ccde4eb100c170843c2936bc11b","0x50ce4129ca261ccde4eb100c170843c2936bc11b","30184","mainnet"
"Base Mainnet","8453","Lagrange","LA","Lagrange","OFT","0x0fc2a55d5bd13033f1ee0cdd11f60f7efe66f467","0x0fc2a55d5bd13033f1ee0cdd11f60f7efe66f467","30184","mainnet"
"Base Mainnet","8453","LightLink","LL","LightLink","OFTAdapter","0x5a1deef18e1ddb939bb298787896e45b5988243c","0x5a1deef18e1ddb939bb298787896e45b5988243c","30184","mainnet"
"Base Mainnet","8453","Level","lvlUSD","Level","OFT","0xa8cf99f2572500a9df5cd794c0e24f132448adde","0xa8cf99f2572500a9df5cd794c0e24f132448adde","30184","mainnet"
"Base Mainnet","8453","MAHA","MAHA","MAHA","OFT","0x554bba833518793056cf105e66abea330672c0de","0x554bba833518793056cf105e66abea330672c0de","30184","mainnet"
"Base Mainnet","8453","Maverick Protocol","MAV","Maverick Protocol","OFT","0x64b88c73a5dfa78d1713fe1b4c69a22d7e0faaa7","0x64b88c73a5dfa78d1713fe1b4c69a22d7e0faaa7","30184","mainnet"
"Base Mainnet","8453","Mavia","MAVIA","Mavia","OFT","0x24fcfc492c1393274b6bcd568ac9e225bec93584","0x24fcfc492c1393274b6bcd568ac9e225bec93584","30184","mainnet"
"Base Mainnet","8453","Melania Meme","MELANIA","Melania Meme","OFT","0x813f392d21a55819be5e78157bfcdbd25530f4e8","0x813f392d21a55819be5e78157bfcdbd25530f4e8","30184","mainnet"
"Base Mainnet","8453","Moongate","MGT","Moongate","OFT","0x08bf7f2005ab25a90d4f88efd70dbdf0ef6b7554","0x08bf7f2005ab25a90d4f88efd70dbdf0ef6b7554","30184","mainnet"
"Base Mainnet","8453","Abracadabra Money","MIM","Abracadabra Money","OFTAdapter","0x4035957323fc05ad9704230e3dc1e7663091d262","0x4035957323fc05ad9704230e3dc1e7663091d262","30184","mainnet"
"Base Mainnet","8453","Prisma Finance","mkUSD","Prisma Finance","OFT","0x4591dbff62656e7859afe5e45f6f47d3669fbb28","0x4591dbff62656e7859afe5e45f6f47d3669fbb28","30184","mainnet"
"Base Mainnet","8453","Moca Network","MOCA","Moca Network","OFT","0x2b11834ed1feaed4b4b3a86a6f571315e25a884d","0x2b11834ed1feaed4b4b3a86a6f571315e25a884d","30184","mainnet"
"Base Mainnet","8453","Mode Network","MODE","Mode Network","OFT","0x084382d1cc4f4dfd1769b1cc1ac2a9b1f8365e90","0x084382d1cc4f4dfd1769b1cc1ac2a9b1f8365e90","30184","mainnet"
"Base Mainnet","8453","MyOFT2","MOFT2","MyOFT2","OFT","0x32af9ed768b48745a8e805fbce5616d0bd9868cf","0x32af9ed768b48745a8e805fbce5616d0bd9868cf","30184","mainnet"
"Base Mainnet","8453","Mojo AI","MOJO","Mojo AI","OFT","0xed2d13a70acbd61074fc56bd0d0845e35f793e5e","0xed2d13a70acbd61074fc56bd0d0845e35f793e5e","30184","mainnet"
"Base Mainnet","8453","Morpheus","MOR","Morpheus","OFT","0x7431ada8a591c955a994a21710752ef9b882b8e3","0x7431ada8a591c955a994a21710752ef9b882b8e3","30184","mainnet"
"Base Mainnet","8453","MOTH","MOTH","MOTH","OFT","0xb722f0d7da6c7b5e964404df591ebc505d88e9f8","0xb722f0d7da6c7b5e964404df591ebc505d88e9f8","30184","mainnet"
"Base Mainnet","8453","Mozaic","MOZ","Mozaic","OFT","0xc227717ef4ae4d982e14789eb33ba942243c3fee","0xc227717ef4ae4d982e14789eb33ba942243c3fee","30184","mainnet"
"Base Mainnet","8453","Metronome","msETH","Metronome","OFTAdapter","0x30eac06d1e495411ee15cb59714eb9da29fc200e","0x30eac06d1e495411ee15cb59714eb9da29fc200e","30184","mainnet"
"Base Mainnet","8453","Metronome","msUSD","Metronome","OFTAdapter","0x2af13bf84f8b452cb86839330f514cc5c2899217","0x2af13bf84f8b452cb86839330f514cc5c2899217","30184","mainnet"
"Base Mainnet","8453","OmniCat","OMNI","OmniCat","OFT","0xc48e605c7b722a57277e087a6170b9e227e5ac0a","0xc48e605c7b722a57277e087a6170b9e227e5ac0a","30184","mainnet"
"Base Mainnet","8453","ORA Protocol","ORA","ORA Protocol","OFT","0x333333c465a19c85f85c6cfbed7b16b0b26e3333","0x333333c465a19c85f85c6cfbed7b16b0b26e3333","30184","mainnet"
"Base Mainnet","8453","Orderly Network","ORDER","Orderly Network","OFT","0x4e200fe2f3efb977d5fd9c430a41531fb04d97b8","0x4e200fe2f3efb977d5fd9c430a41531fb04d97b8","30184","mainnet"
"Base Mainnet","8453","Osaka Protocol","OSAK","Osaka Protocol","OFT","0xbfd5206962267c7b4b4a8b3d76ac2e1b2a5c4d5e","0xbfd5206962267c7b4b4a8b3d76ac2e1b2a5c4d5e","30184","mainnet"
"Base Mainnet","8453","OX.Fun","OX","OX.Fun","OFT","0xba0dda8762c24da9487f5fa026a9b64b695a07ea","0xba0dda8762c24da9487f5fa026a9b64b695a07ea","30184","mainnet"
"Base Mainnet","8453","Paddle Finance","PADD","Paddle Finance","OFTAdapter","0xf7c00443512feca11f0982c2b778d1c38480b634","0xf7c00443512feca11f0982c2b778d1c38480b634","30184","mainnet"
"Base Mainnet","8453","Perion Credits","PERC","Perion Credits","OFT","0xf598797d9c160aef2a14712c20b7731cbe5861da","0xf598797d9c160aef2a14712c20b7731cbe5861da","30184","mainnet"
"Base Mainnet","8453","Primex Finance","PMX","Primex Finance","OFT","0x0b3eaead748facdb9d943d3407011f16eb17d0cf","0x0b3eaead748facdb9d943d3407011f16eb17d0cf","30184","mainnet"
"Base Mainnet","8453","Polter Finance","POLTER","Polter Finance","OFT","0xa0820613976b441e2c6a90e4877e2fb5f7d72552","0xa0820613976b441e2c6a90e4877e2fb5f7d72552","30184","mainnet"
"Base Mainnet","8453","PrimeFi","PRFI","PrimeFi","OFT","0x7bbcf1b600565ae023a1806ef637af4739de3255","0x7bbcf1b600565ae023a1806ef637af4739de3255","30184","mainnet"
"Base Mainnet","8453","Wayfinder","PROMPT","Wayfinder","OFT","0x30c7235866872213f68cb1f08c37cb9eccb93452","0x30c7235866872213f68cb1f08c37cb9eccb93452","30184","mainnet"
"Base Mainnet","8453","Prosper","PROS","Prosper","OFT","0x915424ac489433130d92b04096f3b96c82e92a9d","0x915424ac489433130d92b04096f3b96c82e92a9d","30184","mainnet"
"Base Mainnet","8453","Puff The Dragon","Puff","Puff The Dragon","OFT","0x823c9e9f4c51c1a169cef4bf7922f46beb493d11","0x823c9e9f4c51c1a169cef4bf7922f46beb493d11","30184","mainnet"
"Base Mainnet","8453","Puffer","PUFFER","Puffer","OFT","0x8da0bae597ac15fb0924713b1e3c1f624474f3e4","0x8da0bae597ac15fb0924713b1e3c1f624474f3e4","30184","mainnet"
"Base Mainnet","8453","Redacted Finance","pxETH","Redacted Finance","OFT","0x58ade43a276ddf3e101941571ede398a32492ed7","0x58ade43a276ddf3e101941571ede398a32492ed7","30184","mainnet"
"Base Mainnet","8453","Qi Dao","QI","Qi Dao","OFT","0xd3fdcb837dafdb7c9c3ebd48fe22a53f6dd3d7d7","0xd3fdcb837dafdb7c9c3ebd48fe22a53f6dd3d7d7","30184","mainnet"
"Base Mainnet","8453","Precipitate Protocol","RAIN","Precipitate Protocol","OFT","0x1f1aa4d239002bb818536c95e9b762a1fc8484c1","0x1f1aa4d239002bb818536c95e9b762a1fc8484c1","30184","mainnet"
"Base Mainnet","8453","Rootstock","RBTC","Rootstock","OFT","0x441fcb23dfe8289cf572126fedcf450974adc891","0x441fcb23dfe8289cf572126fedcf450974adc891","30184","mainnet"
"Base Mainnet","8453","Radiant Capital","RDNT","Radiant Capital","OFT","0xd722e55c1d9d9fa0021a5215cbb904b92b3dc5d4","0xd722e55c1d9d9fa0021a5215cbb904b92b3dc5d4","30184","mainnet"
"Base Mainnet","8453","Music Protocol","RECORD","Music Protocol","OFTAdapter","0x3c48130227b657630e5d30f136a8cbb110640aa5","0x3c48130227b657630e5d30f136a8cbb110640aa5","30184","mainnet"
"Base Mainnet","8453","Rootstock","RIF","Rootstock","OFT","0xe5e851b01dd3eda24fde709a407db44555b6d1e0","0xe5e851b01dd3eda24fde709a407db44555b6d1e0","30184","mainnet"
"Base Mainnet","8453","Resolv Labs","RLP","Resolv Labs","OFT","0xc31389794ffac23331e0d9f611b7953f90aa5fdc","0xc31389794ffac23331e0d9f611b7953f90aa5fdc","30184","mainnet"
"Base Mainnet","8453","Kelp DAO","rsETH","Kelp DAO","OFT","0x1bc71130a0e39942a7658878169764bbd8a45993","0x1bc71130a0e39942a7658878169764bbd8a45993","30184","mainnet"
"Base Mainnet","8453","Reservoir","rUSD","Reservoir","OFT","0x09d4214c03d01f49544c0448dbe3a27f768f2b34","0x09d4214c03d01f49544c0448dbe3a27f768f2b34","30184","mainnet"
"Base Mainnet","8453","RWA Inc.","RWA","RWA Inc.","OFT","0xe2b1dc2d4a3b4e59fdf0c47b71a7a86391a8b35a","0xe2b1dc2d4a3b4e59fdf0c47b71a7a86391a8b35a","30184","mainnet"
"Base Mainnet","8453","RWAX Exchange","RWAX","RWAX Exchange","OFTAdapter","0x8c47a7cc943f1c53102d226239f431b6f0133fec","0x8c47a7cc943f1c53102d226239f431b6f0133fec","30184","mainnet"
"Base Mainnet","8453","Rezerve Money","RZR","Rezerve Money","OFT","0xb4444468e444f89e1c2cac2f1d3ee7e336cbd1f5","0xb4444468e444f89e1c2cac2f1d3ee7e336cbd1f5","30184","mainnet"
"Base Mainnet","8453","Samurai Starter","SAM","Samurai Starter","OFTAdapter","0x705a91029c2a1432bd75ddea9bae2c04e8b7b077","0x705a91029c2a1432bd75ddea9bae2c04e8b7b077","30184","mainnet"
"Base Mainnet","8453","The Sandbox Game","SAND","The Sandbox Game","OFT","0xac531eb26ca1d21b85126de8fb87e80e09002dcf","0xac531eb26ca1d21b85126de8fb87e80e09002dcf","30184","mainnet"
"Base Mainnet","8453","Brale","SBC","Brale","OFTAdapter","0xb9d852a3f9b3a82e243faab0272604102a111e1a","0xb9d852a3f9b3a82e243faab0272604102a111e1a","30184","mainnet"
"Base Mainnet","8453","Shark Cat","SC","Shark Cat","OFT","0x49d803d2df2295185610f44961f2dcd40326f25c","0x49d803d2df2295185610f44961f2dcd40326f25c","30184","mainnet"
"Base Mainnet","8453","Dinero","sDINERO","Dinero","OFT","0xc5ecb8c506898bd5eeec63c5f69c7819e37084b8","0xc5ecb8c506898bd5eeec63c5f69c7819e37084b8","30184","mainnet"
"Base Mainnet","8453","Kryptonite","SEILOR","Kryptonite","OFT","0x9bde70bad05b7d84dac03024dae15aace8c9cca2","0x9bde70bad05b7d84dac03024dae15aace8c9cca2","30184","mainnet"
"Base Mainnet","8453","SolForge Fusion","SFG","SolForge Fusion","OFT","0x2b8263a470a6f55bfd3af2ad907d4c286eb0e3f4","0x2b8263a470a6f55bfd3af2ad907d4c286eb0e3f4","30184","mainnet"
"Base Mainnet","8453","Frax Finance","sFRAX","Frax Finance","OFT","0xe4796ccb6bb5de2290c417ac337f2b66ca2e770e","0xe4796ccb6bb5de2290c417ac337f2b66ca2e770e","30184","mainnet"
"Base Mainnet","8453","Frax Finance","sfrxETH","Frax Finance","OFT","0x1f55a02a049033e3419a8e2975cf3f572f4e6e9a","0x1f55a02a049033e3419a8e2975cf3f572f4e6e9a","30184","mainnet"
"Base Mainnet","8453","Seedify Fund","SFUND","Seedify Fund","OFT","0x633e254585ade6e9d40d2a4b8cc2f3769b94cb48","0x633e254585ade6e9d40d2a4b8cc2f3769b94cb48","30184","mainnet"
"Base Mainnet","8453","Simmi","SIMMI","Simmi","OFTAdapter","0x12ac01e564a01f07948e20ca0674cc444965ea53","0x12ac01e564a01f07948e20ca0674cc444965ea53","30184","mainnet"
"Base Mainnet","8453","SatLayer","SLAY","SatLayer","OFT","0x3e248ab4554cfdec8fc4f18f569fe6f46de61db1","0x3e248ab4554cfdec8fc4f18f569fe6f46de61db1","30184","mainnet"
"Base Mainnet","8453","Silencio","SLC","Silencio","OFT","0x6bd83abc39391af1e24826e90237c4bd3468b5d2","0x6bd83abc39391af1e24826e90237c4bd3468b5d2","30184","mainnet"
"Base Mainnet","8453","Level","slvlUSD","Level","OFT","0x2d175c43c58e57cceb38b9bd204ee73db25c66e8","0x2d175c43c58e57cceb38b9bd204ee73db25c66e8","30184","mainnet"
"Base Mainnet","8453","Sensay","SNSY","Sensay","OFT","0x3124678d62d2aa1f615b54525310fbfda6dcf7ae","0x3124678d62d2aa1f615b54525310fbfda6dcf7ae","30184","mainnet"
"Base Mainnet","8453","Phavercoin","SOCIAL","Phavercoin","OFT","0xd3c68968137317a57a9babeacc7707ec433548b4","0xd3c68968137317a57a9babeacc7707ec433548b4","30184","mainnet"
"Base Mainnet","8453","Somnia","SOMI","Somnia","OFT","0x47636b3188774a3e7273d85a537b9ba4ee7b2535","0x47636b3188774a3e7273d85a537b9ba4ee7b2535","30184","mainnet"
"Base Mainnet","8453","Sophon","SOPH","Sophon","OFT","0x31dba3c96481fde3cd81c2aaf51f2d8bf618c742","0x31dba3c96481fde3cd81c2aaf51f2d8bf618c742","30184","mainnet"
"Base Mainnet","8453","Upland","SPARKLET","Upland","OFT","0x9cd44eca3d1e0ada6fbdaf5793031c3a500089b1","0x9cd44eca3d1e0ada6fbdaf5793031c3a500089b1","30184","mainnet"
"Base Mainnet","8453","Stargate","STG","Stargate","OFT","0xe3b53af74a4bf62ae5511055290838050bf764df","0xe3b53af74a4bf62ae5511055290838050bf764df","30184","mainnet"
"Base Mainnet","8453","Nibiru Chain","stNIBI","Nibiru Chain","OFT","0x75ce54301374e194edaa6ca2e3c118cf01d3a76b","0x75ce54301374e194edaa6ca2e3c118cf01d3a76b","30184","mainnet"
"Base Mainnet","8453","Johnny Suede","SUEDE","Johnny Suede","OFT","0x40461291347e1ecbb09499f3371d3f17f10d7159","0x40461291347e1ecbb09499f3371d3f17f10d7159","30184","mainnet"
"Base Mainnet","8453","Ethena","sUSDe","Ethena","OFT","0x211cc4dd073734da055fbf44a2b4667d5e5fe5d2","0x211cc4dd073734da055fbf44a2b4667d5e5fe5d2","30184","mainnet"
"Base Mainnet","8453","Seedify Fund","SWORLD","Seedify Fund","OFT","0x968be3f7bfef0f8edc3c1ad90232ebb0da0867aa","0x968be3f7bfef0f8edc3c1ad90232ebb0da0867aa","30184","mainnet"
"Base Mainnet","8453","Maple Finance","SYRUP","Maple Finance","OFT","0x688aee022aa544f150678b8e5720b6b96a9e9a2f","0x688aee022aa544f150678b8e5720b6b96a9e9a2f","30184","mainnet"
"Base Mainnet","8453","Techimproving","TECH","Techimproving","OFT","0xe9a3b326c5b06fa848b11e07080c3ac926fbe787","0xe9a3b326c5b06fa848b11e07080c3ac926fbe787","30184","mainnet"
"Base Mainnet","8453","Theo","thBILL","Theo","OFT","0xfdd22ce6d1f66bc0ec89b20bf16ccb6670f55a5a","0xfdd22ce6d1f66bc0ec89b20bf16ccb6670f55a5a","30184","mainnet"
"Base Mainnet","8453","Cryptopia","TOS","Cryptopia","OFT","0x883cfbd30bd076a063a453335414909545186275","0x883cfbd30bd076a063a453335414909545186275","30184","mainnet"
"Base Mainnet","8453","Arbitrove Protocol","TROVE","Arbitrove Protocol","OFT","0x348fdfe2c35934a96c1353185f09d0f9efbada86","0x348fdfe2c35934a96c1353185f09d0f9efbada86","30184","mainnet"
"Base Mainnet","8453","OFFICIAL TRUMP","TRUMP","OFFICIAL TRUMP","OFT","0xe223ba1e03b10ae9f930fcc0de59248a1d7d8c15","0xe223ba1e03b10ae9f930fcc0de59248a1d7d8c15","30184","mainnet"
"Base Mainnet","8453","Unicorn Fart Dust","UFD","Unicorn Fart Dust","OFT","0xfdfdfd005f127334f7c4eefef2252d2bf4b6e79e","0xfdfdfd005f127334f7c4eefef2252d2bf4b6e79e","30184","mainnet"
"Base Mainnet","8453","Stargate","USD₮0.s","Stargate","OFTAdapter","0xeab8fa7ab28f05d7600558b873d5c7f805412304","0xeab8fa7ab28f05d7600558b873d5c7f805412304","30184","mainnet"
"Base Mainnet","8453","USDC","USDC","Stargate","StargatePool","0x27a16dc786820B16E5c9028b75B99F6f604b5d26","0x833589fCD6eDb6E08f4c7C32D4f71b54bdA02913","30184","mainnet"
"Base Mainnet","8453","Ethena","USDe","Ethena","OFT","0x5d3a1ff2b6bab83b63cd9ad0787074081a52ef34","0x5d3a1ff2b6bab83b63cd9ad0787074081a52ef34","30184","mainnet"
"Base Mainnet","8453","Ethena","USDtb","Ethena","OFT","0xc708b6887db46005da033501f8aebee72d191a5d","0xc708b6887db46005da033501f8aebee72d191a5d","30184","mainnet"
"Base Mainnet","8453","unstable coin","USDUC","unstable coin","OFT","0xecedb6f8108b9f7bbf499da843dced6c2bb6e270","0xecedb6f8108b9f7bbf499da843dced6c2bb6e270","30184","mainnet"
"Base Mainnet","8453","Anzen Finance","USDz","Anzen Finance","OFT","0x04d5ddf5f3a8939889f11e97f8c4bb48317f1938","0x04d5ddf5f3a8939889f11e97f8c4bb48317f1938","30184","mainnet"
"Base Mainnet","8453","Resolv Labs","USR","Resolv Labs","OFT","0x35e5db674d8e93a03d814fa0ada70731efe8a4b9","0x35e5db674d8e93a03d814fa0ada70731efe8a4b9","30184","mainnet"
"Base Mainnet","8453","Vana","VANA","Vana","OFT","0x7ff7fa94b8b66ef313f7970d4eebd2cb3103a2c0","0x7ff7fa94b8b66ef313f7970d4eebd2cb3103a2c0","30184","mainnet"
"Base Mainnet","8453","Virtuals Protocol","VIRTUAL","Virtuals Protocol","OFTAdapter","0xa5a1afbff720f79f1f7833aafbdcee87770bbc93","0xa5a1afbff720f79f1f7833aafbdcee87770bbc93","30184","mainnet"
"Base Mainnet","8453","Vitalik AI","VITAI","Vitalik AI","OFT","0xe81941c13678a6396e438490601a40a34bf90dd2","0xe81941c13678a6396e438490601a40a34bf90dd2","30184","mainnet"
"Base Mainnet","8453","wBTC","WBTC","wBTC","OFT","0x0555e30da8f98308edb960aa94c0db47230d2b9c","0x0555e30da8f98308edb960aa94c0db47230d2b9c","30184","mainnet"
"Base Mainnet","8453","Ether.Fi","weETH","Ether.Fi","OFT","0x04c0599ae5a44757c0af6f9ec3b93da8976c150a","0x04c0599ae5a44757c0af6f9ec3b93da8976c150a","30184","mainnet"
"Base Mainnet","8453","Wild Goat Coin","WGC","Wild Goat Coin","OFT","0x3d63825b0d8669307366e6c8202f656b9e91d368","0x3d63825b0d8669307366e6c8202f656b9e91d368","30184","mainnet"
"Base Mainnet","8453","dogwifhat","WIF","dogwifhat","OFT","0x1fba65de0a9cbd2d1df82d141897042d36bb6c86","0x1fba65de0a9cbd2d1df82d141897042d36bb6c86","30184","mainnet"
"Base Mainnet","8453","Wilder World","WILD","Wilder World","OFT","0xafde2490236bc64950def5472296aa0d9758db0d","0xafde2490236bc64950def5472296aa0d9758db0d","30184","mainnet"
"Base Mainnet","8453","Nibiru Chain","WNIBI","Nibiru Chain","OFT","0x3ade6652f203d919697f8577f75eebb989a5c586","0x3ade6652f203d919697f8577f75eebb989a5c586","30184","mainnet"
"Base Mainnet","8453","WoofWork","WOOF","WoofWork","OFT","0xb3a9bd4861454ba94931ebff410c3d828525dce2","0xb3a9bd4861454ba94931ebff410c3d828525dce2","30184","mainnet"
"Base Mainnet","8453","Wirex Pay","WPAY","Wirex Pay","OFT","0x35e0966208f518371e79cc9fd35559112068ddad","0x35e0966208f518371e79cc9fd35559112068ddad","30184","mainnet"
"Base Mainnet","8453","Resolv Labs","wsrUSD","Resolv Labs","OFT","0x62344be8ca1c339b46274a4017dd87af436900b1","0x62344be8ca1c339b46274a4017dd87af436900b1","30184","mainnet"
"Base Mainnet","8453","Resolv Labs","wstUSR","Resolv Labs","OFT","0xb67675158b412d53fe6b68946483ba920b135ba1","0xb67675158b412d53fe6b68946483ba920b135ba1","30184","mainnet"
"Base Mainnet","8453","OFFICIAL TRUMP","WTRUMP","OFFICIAL TRUMP","OFT","0xc27468b12ffa6d714b1b5fbc87ef403f38b82ad4","0xc27468b12ffa6d714b1b5fbc87ef403f38b82ad4","30184","mainnet"
"Base Mainnet","8453","WXTZ","WXTZ","WXTZ","OFT","0x91f9cc2649ac70a071602cade9b0c1a5868af51d","0x91f9cc2649ac70a071602cade9b0c1a5868af51d","30184","mainnet"
"Base Mainnet","8453","XDC Network","XDC","XDC Network","OFT","0x11a72d2a88468c09f1bb63fc729d8649e84275a9","0x11a72d2a88468c09f1bb63fc729d8649e84275a9","30184","mainnet"
"Base Mainnet","8453","Yala Token","YALA","Yala Token","OFT","0xf970706063b7853877f39515c96932d49d5ac9cd","0xf970706063b7853877f39515c96932d49d5ac9cd","30184","mainnet"
"Base Mainnet","8453","KernelDAO","ynBTCk","KernelDAO","OFTAdapter","0xfd72fbb61798f3bcb707f5ba98cb72a87cca02a2","0xfd72fbb61798f3bcb707f5ba98cb72a87cca02a2","30184","mainnet"
"Base Mainnet","8453","YieldNest","YND","YieldNest","OFTAdapter","0xc099ab708e20e8b25c63ca156d7cc94404c55416","0xc099ab708e20e8b25c63ca156d7cc94404c55416","30184","mainnet"
"Base Mainnet","8453","YieldNest","ynETHx","YieldNest","OFTAdapter","0xbe82cbe217bf4e0a87dd88c552e93054f4ef2c7c","0xbe82cbe217bf4e0a87dd88c552e93054f4ef2c7c","30184","mainnet"
"Base Mainnet","8453","Yala stablecoin","YU","Yala stablecoin","OFT","0xe868084cf08f3c3db11f4b73a95473762d9463f7","0xe868084cf08f3c3db11f4b73a95473762d9463f7","30184","mainnet"
"Base Mainnet","8453","Aegis","YUSD","Aegis","OFT","0xca2671dcd031a72359f456c212f62a9bda737cd7","0xca2671dcd031a72359f456c212f62a9bda737cd7","30184","mainnet"
"Base Mainnet","8453","zerebro","ZEREBRO","zerebro","OFT","0xd2e92077ad4d7d50d7d60be13fffe3fb52cc0b9f","0xd2e92077ad4d7d50d7d60be13fffe3fb52cc0b9f","30184","mainnet"
"Base Mainnet","8453","Zerolend","ZERO","Zerolend","OFT","0x458ad5b487f4442245e4c5ea7249009e607a5583","0x458ad5b487f4442245e4c5ea7249009e607a5583","30184","mainnet"
"Base Mainnet","8453","ZyFAI","ZFI","ZyFAI","OFT","0xd080ed3c74a20250a2c9821885203034acd2d5ae","0xd080ed3c74a20250a2c9821885203034acd2d5ae","30184","mainnet"
"Base Mainnet","8453","ZRO Token","ZRO","ZRO Token","OFT","0x6985884c4392d348587b19cb9eaaf157f13271cd","0x6985884c4392d348587b19cb9eaaf157f13271cd","30184","mainnet"
"Berachain Mainnet","80094","BYUSD","BYUSD","BYUSD","OFT","0x688e72142674041f8f6af4c808a4045ca1d6ac82","0x688e72142674041f8f6af4c808a4045ca1d6ac82","30362","mainnet"
"Berachain Mainnet","80094","Equilibria Finance","EQB","Equilibria Finance","OFT","0xf9ee98099f5078078bb8e17e6b4a4f95137e2037","0xf9ee98099f5078078bb8e17e6b4a4f95137e2037","30362","mainnet"
"Berachain Mainnet","80094","Euler","EUL","Euler","OFTAdapter","0xc1d31b2812cc920341349a717d14badfb1bcab11","0xc1d31b2812cc920341349a717d14badfb1bcab11","30362","mainnet"
"Berachain Mainnet","80094","EURC.e","EURC.e","Stargate","StargateOFT","0x28BEc7E30E6faee657a03e19Bf1128AaD7632A00","0x12a272A581feE5577A5dFa371afEB4b2F3a8C2F8","30362","mainnet"
"Berachain Mainnet","80094","Ignition (FBTC)","FBTC","Ignition (FBTC)","OFTAdapter","0x0b835f07a2a54c0e80c1f585e5b6dd732816da3f","0x0b835f07a2a54c0e80c1f585e5b6dd732816da3f","30362","mainnet"
"Berachain Mainnet","80094","Lair Finance","LAIR","Lair Finance","OFTAdapter","0xeeed1e4d748e80bea27f03ea4143374f9effc2e2","0xeeed1e4d748e80bea27f03ea4143374f9effc2e2","30362","mainnet"
"Berachain Mainnet","80094","Lombard","LBTC","Lombard","OFTAdapter","0x630e12d53d4e041b8c5451ad035ea841e08391d7","0x630e12d53d4e041b8c5451ad035ea841e08391d7","30362","mainnet"
"Berachain Mainnet","80094","Paddle Finance","PADD","Paddle Finance","OFT","0xbab497e452e500580ae8ec54b108e6225e07653a","0xbab497e452e500580ae8ec54b108e6225e07653a","30362","mainnet"
"Berachain Mainnet","80094","Pendle","PENDLE","Pendle","OFT","0xff9c599d51c407a45d631c6e89cb047efb88aef6","0xff9c599d51c407a45d631c6e89cb047efb88aef6","30362","mainnet"
"Berachain Mainnet","80094","PumpBTC","pumpBTC.bera","PumpBTC","OFT","0x1fcca65fb6ae3b2758b9b2b394cb227eae404e1e","0x1fcca65fb6ae3b2758b9b2b394cb227eae404e1e","30362","mainnet"
"Berachain Mainnet","80094","Resolv Labs","RLP","Resolv Labs","OFT","0x35e5db674d8e93a03d814fa0ada70731efe8a4b9","0x35e5db674d8e93a03d814fa0ada70731efe8a4b9","30362","mainnet"
"Berachain Mainnet","80094","Kelp DAO","rsETH","Kelp DAO","OFT","0x4186bfc76e2e237523cbc30fd220fe055156b41f","0x4186bfc76e2e237523cbc30fd220fe055156b41f","30362","mainnet"
"Berachain Mainnet","80094","Swell Network","rswETH","Swell Network","OFT","0x850cdf416668210ed0c36bfff5d21921c7ada3b8","0x850cdf416668210ed0c36bfff5d21921c7ada3b8","30362","mainnet"
"Berachain Mainnet","80094","Reservoir","rUSD","Reservoir","OFT","0x09d4214c03d01f49544c0448dbe3a27f768f2b34","0x09d4214c03d01f49544c0448dbe3a27f768f2b34","30362","mainnet"
"Berachain Mainnet","80094","Solv Protocol","SolvBTC","Solv Protocol","OFTAdapter","0xb12979ff302ac903849948037a51792cf7186e8e","0xb12979ff302ac903849948037a51792cf7186e8e","30362","mainnet"
"Berachain Mainnet","80094","Reservoir","srUSD","Reservoir","OFT","0x5475611dffb8ef4d697ae39df9395513b6e947d7","0x5475611dffb8ef4d697ae39df9395513b6e947d7","30362","mainnet"
"Berachain Mainnet","80094","Lorenzo Protocol","stBTC","Lorenzo Protocol","OFTAdapter","0xbce9988376c6b9c0c035bdbc9060568031d51130","0xbce9988376c6b9c0c035bdbc9060568031d51130","30362","mainnet"
"Berachain Mainnet","80094","Stargate","STG","Stargate","OFT","0x9895d81bb462a195b4922ed7de0e3acd007c32cb","0x9895d81bb462a195b4922ed7de0e3acd007c32cb","30362","mainnet"
"Berachain Mainnet","80094","Avalon Labs","sUSDa","Avalon Labs","OFT","0x2840f9d9f96321435ab0f977e7fdbf32ea8b304f","0x2840f9d9f96321435ab0f977e7fdbf32ea8b304f","30362","mainnet"
"Berachain Mainnet","80094","Ethena","sUSDe","Ethena","OFT","0x211cc4dd073734da055fbf44a2b4667d5e5fe5d2","0x211cc4dd073734da055fbf44a2b4667d5e5fe5d2","30362","mainnet"
"Berachain Mainnet","80094","Avalon Labs","USDa","Avalon Labs","OFT","0xff12470a969dd362eb6595ffb44c82c959fe9acc","0xff12470a969dd362eb6595ffb44c82c959fe9acc","30362","mainnet"
"Berachain Mainnet","80094","USDC.e","USDC.e","Stargate","StargateOFT","0xAF54BE5B6eEc24d6BFACf1cce4eaF680A8239398","0x549943e04f40284185054145c6E4e9568C1D3241","30362","mainnet"
"Berachain Mainnet","80094","Ethena","USDe","Ethena","OFT","0x5d3a1ff2b6bab83b63cd9ad0787074081a52ef34","0x5d3a1ff2b6bab83b63cd9ad0787074081a52ef34","30362","mainnet"
"Berachain Mainnet","80094","USDT0","USDT0","USDT0","OFTAdapter","0x3dc96399109df5ceb2c226664a086140bd0379cb","0x3dc96399109df5ceb2c226664a086140bd0379cb","30362","mainnet"
"Berachain Mainnet","80094","Resolv Labs","USR","Resolv Labs","OFT","0x2492d0006411af6c8bbb1c8afc1b0197350a79e9","0x2492d0006411af6c8bbb1c8afc1b0197350a79e9","30362","mainnet"
"Berachain Mainnet","80094","Acorn Network","waBTC","Acorn Network","OFT","0x09def5abc67e967d54e8233a4b5ebbc1b3fbe34b","0x09def5abc67e967d54e8233a4b5ebbc1b3fbe34b","30362","mainnet"
"Berachain Mainnet","80094","wBTC","WBTC","wBTC","OFT","0x0555e30da8f98308edb960aa94c0db47230d2b9c","0x0555e30da8f98308edb960aa94c0db47230d2b9c","30362","mainnet"
"Berachain Mainnet","80094","Ether.Fi","weETH","Ether.Fi","OFT","0x7dcc39b4d1c53cb31e1abc0e358b43987fef80f7","0x7dcc39b4d1c53cb31e1abc0e358b43987fef80f7","30362","mainnet"
"Berachain Mainnet","80094","WETH","WETH","Stargate","StargateOFT","0x45f1A95A4D3f3836523F5c83673c797f4d4d263B","0x2F6F07CDcf3588944Bf4C42aC74ff24bF56e7590","30362","mainnet"
"Berachain Mainnet","80094","Wild Goat Coin","WGC","Wild Goat Coin","OFT","0xc53ac24320e3a54c7211e4993c8095078a0cb3cf","0xc53ac24320e3a54c7211e4993c8095078a0cb3cf","30362","mainnet"
"Berachain Mainnet","80094","Resolv Labs","wstUSR","Resolv Labs","OFT","0xcc601605dc5011616934b6fdac8a14d51b791a94","0xcc601605dc5011616934b6fdac8a14d51b791a94","30362","mainnet"
"Berachain Mainnet","80094","Solv Protocol","xSolvBTC","Solv Protocol","OFTAdapter","0x94dabd84cd36c4d364fcdd5cdabf41e73dbc99e6","0x94dabd84cd36c4d364fcdd5cdabf41e73dbc99e6","30362","mainnet"
"Berachain Mainnet","80094","YieldNest","YND","YieldNest","OFTAdapter","0xc099ab708e20e8b25c63ca156d7cc94404c55416","0xc099ab708e20e8b25c63ca156d7cc94404c55416","30362","mainnet"
"Berachain Mainnet","80094","YieldNest","ynETHx","YieldNest","OFTAdapter","0xbe82cbe217bf4e0a87dd88c552e93054f4ef2c7c","0xbe82cbe217bf4e0a87dd88c552e93054f4ef2c7c","30362","mainnet"
"Blast Mainnet","81457","Redacted Finance","apxETH","Redacted Finance","OFT","0xcd615270ab3a7a3a262a4e49935d002278c76b78","0xcd615270ab3a7a3a262a4e49935d002278c76b78","30243","mainnet"
"Blast Mainnet","81457","Cybro","CYBRO","Cybro","OFTAdapter","0x7bb6cac7e47e8149c4ef62b759ee8b2e56c0304f","0x7bb6cac7e47e8149c4ef62b759ee8b2e56c0304f","30243","mainnet"
"Blast Mainnet","81457","Ethena","ENA","Ethena","OFT","0x58538e6a46e07434d7e7375bc268d3cb839c0133","0x58538e6a46e07434d7e7375bc268d3cb839c0133","30243","mainnet"
"Blast Mainnet","81457","Frax Finance","FPI","Frax Finance","OFT","0xe41228a455700caf09e551805a8ab37caa39d08c","0xe41228a455700caf09e551805a8ab37caa39d08c","30243","mainnet"
"Blast Mainnet","81457","Frax Finance","FRAX","Frax Finance","OFT","0x909dbde1ebe906af95660033e478d59efe831fed","0x909dbde1ebe906af95660033e478d59efe831fed","30243","mainnet"
"Blast Mainnet","81457","Frax Finance","frxETH","Frax Finance","OFT","0xf010a7c8877043681d59ad125ebf575633505942","0xf010a7c8877043681d59ad125ebf575633505942","30243","mainnet"
"Blast Mainnet","81457","Frax Finance","FXS","Frax Finance","OFT","0x64445f0aecc51e94ad52d8ac56b7190e764e561a","0x64445f0aecc51e94ad52d8ac56b7190e764e561a","30243","mainnet"
"Blast Mainnet","81457","Frax Finance","FXS (old)","Frax Finance","OFT","0x23432452b720c80553458496d4d9d7c5003280d0","0x23432452b720c80553458496d4d9d7c5003280d0","30243","mainnet"
"Blast Mainnet","81457","OX.Fun","OX","OX.Fun","OFT","0xba0dda8762c24da9487f5fa026a9b64b695a07ea","0xba0dda8762c24da9487f5fa026a9b64b695a07ea","30243","mainnet"
"Blast Mainnet","81457","Redacted Finance","pxETH","Redacted Finance","OFT","0x9e0d7d79735e1c63333128149c7b616a0dc0bbdb","0x9e0d7d79735e1c63333128149c7b616a0dc0bbdb","30243","mainnet"
"Blast Mainnet","81457","Kelp DAO","rsETH","Kelp DAO","OFT","0x4186bfc76e2e237523cbc30fd220fe055156b41f","0x4186bfc76e2e237523cbc30fd220fe055156b41f","30243","mainnet"
"Blast Mainnet","81457","Frax Finance","sFRAX","Frax Finance","OFT","0xe4796ccb6bb5de2290c417ac337f2b66ca2e770e","0xe4796ccb6bb5de2290c417ac337f2b66ca2e770e","30243","mainnet"
"Blast Mainnet","81457","Frax Finance","sfrxETH","Frax Finance","OFT","0x1f55a02a049033e3419a8e2975cf3f572f4e6e9a","0x1f55a02a049033e3419a8e2975cf3f572f4e6e9a","30243","mainnet"
"Blast Mainnet","81457","Ethena","sUSDe","Ethena","OFT","0x211cc4dd073734da055fbf44a2b4667d5e5fe5d2","0x211cc4dd073734da055fbf44a2b4667d5e5fe5d2","30243","mainnet"
"Blast Mainnet","81457","Ethena","USDe","Ethena","OFT","0x5d3a1ff2b6bab83b63cd9ad0787074081a52ef34","0x5d3a1ff2b6bab83b63cd9ad0787074081a52ef34","30243","mainnet"
"Blast Mainnet","81457","Ether.Fi","weETH","Ether.Fi","OFT","0x04c0599ae5a44757c0af6f9ec3b93da8976c150a","0x04c0599ae5a44757c0af6f9ec3b93da8976c150a","30243","mainnet"
"Blast Mainnet","81457","YieldNest","ynETHx","YieldNest","OFTAdapter","0xbe82cbe217bf4e0a87dd88c552e93054f4ef2c7c","0xbe82cbe217bf4e0a87dd88c552e93054f4ef2c7c","30243","mainnet"
"Blast Mainnet","81457","Zerolend","ZERO","Zerolend","OFT","0x6195fda19376d2a3b3f7ed552247272308c644dd","0x6195fda19376d2a3b3f7ed552247272308c644dd","30243","mainnet"
"BNB Smart Chain (BSC) Mainnet","56","ApeBond","ABOND","ApeBond","OFTAdapter","0xe6828d65bf5023ae1851d90d8783cc821ba7eee1","0xe6828d65bf5023ae1851d90d8783cc821ba7eee1","30102","mainnet"
"BNB Smart Chain (BSC) Mainnet","56","Stella","ALPHA","Stella","OFTAdapter","0x88b06c36fcba5a8cf53fa80cee7dc44e86f2d55a","0x88b06c36fcba5a8cf53fa80cee7dc44e86f2d55a","30102","mainnet"
"BNB Smart Chain (BSC) Mainnet","56","HeyAnon","Anon","HeyAnon","OFT","0x79bbf4508b1391af3a0f4b30bb5fc4aa9ab0e07c","0x79bbf4508b1391af3a0f4b30bb5fc4aa9ab0e07c","30102","mainnet"
"BNB Smart Chain (BSC) Mainnet","56","AP3X","AP3X","AP3X","OFT","0x9208d82f121806a34a39bb90733b4c5c54f3993e","0x9208d82f121806a34a39bb90733b4c5c54f3993e","30102","mainnet"
"BNB Smart Chain (BSC) Mainnet","56","Redacted Finance","apxETH","Redacted Finance","OFT","0x16ed8e219cde31e14a80dcb6c9127a5ec6e88e46","0x16ed8e219cde31e14a80dcb6c9127a5ec6e88e46","30102","mainnet"
"BNB Smart Chain (BSC) Mainnet","56","Arken Finance","ARKEN","Arken Finance","OFT","0x1d4268a58ee7ec2cc2af5d70a2fd2b3a896527a2","0x1d4268a58ee7ec2cc2af5d70a2fd2b3a896527a2","30102","mainnet"
"BNB Smart Chain (BSC) Mainnet","56","ASPECTA","ASP","ASPECTA","OFT","0xad8c787992428cd158e451aab109f724b6bc36de","0xad8c787992428cd158e451aab109f724b6bc36de","30102","mainnet"
"BNB Smart Chain (BSC) Mainnet","56","DaoBase","BEE","DaoBase","OFT","0xdb6f1f098b55e36b036603c8e54663a8d907d6e1","0xdb6f1f098b55e36b036603c8e54663a8d907d6e1","30102","mainnet"
"BNB Smart Chain (BSC) Mainnet","56","Beta Finance","BETA","Beta Finance","OFT","0x2a73f85024f101f3fac9fbcbce60707b6b3a6203","0x2a73f85024f101f3fac9fbcbce60707b6b3a6203","30102","mainnet"
"BNB Smart Chain (BSC) Mainnet","56","BetSwirl","BETS","BetSwirl","OFTAdapter","0xeb90e1256ab885067b4e3264ea431affbc8582e2","0xeb90e1256ab885067b4e3264ea431affbc8582e2","30102","mainnet"
"BNB Smart Chain (BSC) Mainnet","56","Blum","BLUM","Blum","OFT","0xfdc8cd47848c0c67df66f7120f4e3371181cfa5e","0xfdc8cd47848c0c67df66f7120f4e3371181cfa5e","30102","mainnet"
"BNB Smart Chain (BSC) Mainnet","56","Bubblemaps","BMT","Bubblemaps","OFT","0x7d814b9ed370ec0a502edc3267393bf62d891b62","0x7d814b9ed370ec0a502edc3267393bf62d891b62","30102","mainnet"
"BNB Smart Chain (BSC) Mainnet","56","Bombie","BOMB","Bombie","OFTAdapter","0xff52a97e8e7b505190972d9b1fe7d5c59fe883bb","0xff52a97e8e7b505190972d9b1fe7d5c59fe883bb","30102","mainnet"
"BNB Smart Chain (BSC) Mainnet","56","BOOP","BOOP","BOOP","OFT","0x9a70815dfb644a24b57358e1041f8d0324c8f6e1","0x9a70815dfb644a24b57358e1041f8d0324c8f6e1","30102","mainnet"
"BNB Smart Chain (BSC) Mainnet","56","Debox","BOX","Debox","OFT","0x6386adc4bc9c21984e34fd916bb349dd861742af","0x6386adc4bc9c21984e34fd916bb349dd861742af","30102","mainnet"
"BNB Smart Chain (BSC) Mainnet","56","BTC.b","BTC.b","BTC.b","OFT","0x2297aebd383787a160dd0d9f71508148769342e3","0x2297aebd383787a160dd0d9f71508148769342e3","30102","mainnet"
"BNB Smart Chain (BSC) Mainnet","56","Goat Network","BTCB","Goat Network","OFTAdapter","0x5b7b01bebcdf408dd14429a9b12465ab45204b13","0x5b7b01bebcdf408dd14429a9b12465ab45204b13","30102","mainnet"
"BNB Smart Chain (BSC) Mainnet","56","Chainbase","C","Chainbase","OFT","0xc32cc70741c3a8433dcbcb5ade071c299b55ffc8","0xc32cc70741c3a8433dcbcb5ade071c299b55ffc8","30102","mainnet"
"BNB Smart Chain (BSC) Mainnet","56","PancakeSwap","CAKE","PancakeSwap","OFTAdapter","0xb274202daba6ae180c665b4fbe59857b7c3a8091","0xb274202daba6ae180c665b4fbe59857b7c3a8091","30102","mainnet"
"BNB Smart Chain (BSC) Mainnet","56","Simon's Cat","CAT","Simon's Cat","OFTAdapter","0x27a2914fa4ba0ec60d42e2bc0726c3a8a6d7b000","0x27a2914fa4ba0ec60d42e2bc0726c3a8a6d7b000","30102","mainnet"
"BNB Smart Chain (BSC) Mainnet","56","Catton AI","CATTON","Catton AI","OFT","0xcefc79c16cd62cf0c35c1d16d23b9f266f2eda51","0xcefc79c16cd62cf0c35c1d16d23b9f266f2eda51","30102","mainnet"
"BNB Smart Chain (BSC) Mainnet","56","crow with knife","CAW","crow with knife","OFTAdapter","0x74897ef1b152e5a733d797cab5cee383fe052c56","0x74897ef1b152e5a733d797cab5cee383fe052c56","30102","mainnet"
"BNB Smart Chain (BSC) Mainnet","56","ChainGPT","CGPT","ChainGPT","OFTAdapter","0x25b107cac488d6af84a79c0c9b80865433a011f0","0x25b107cac488d6af84a79c0c9b80865433a011f0","30102","mainnet"
"BNB Smart Chain (BSC) Mainnet","56","Cookie DAO","COOKIE","Cookie DAO","OFT","0xc0041ef357b183448b235a8ea73ce4e4ec8c265f","0xc0041ef357b183448b235a8ea73ce4e4ec8c265f","30102","mainnet"
"BNB Smart Chain (BSC) Mainnet","56","CV AGENTLAUNCHER Token","CVAI","CV AGENTLAUNCHER Token","OFT","0x6b34d1c35689dba179c2eddf6a01530bbb1d28a8","0x6b34d1c35689dba179c2eddf6a01530bbb1d28a8","30102","mainnet"
"BNB Smart Chain (BSC) Mainnet","56","Cyber","CYBER","Cyber","OFTAdapter","0x9a9d5a29206dde4f70825032df32333de5f63921","0x9a9d5a29206dde4f70825032df32333de5f63921","30102","mainnet"
"BNB Smart Chain (BSC) Mainnet","56","Cybro","CYBRO","Cybro","OFT","0xa9972b1fac35fdd8cbdbaa315a002b2ad91d2ad6","0xa9972b1fac35fdd8cbdbaa315a002b2ad91d2ad6","30102","mainnet"
"BNB Smart Chain (BSC) Mainnet","56","Cycle Network","CYC","Cycle Network","OFT","0x5845684b49aef79a5c0f887f50401c247dca7ac6","0x5845684b49aef79a5c0f887f50401c247dca7ac6","30102","mainnet"
"BNB Smart Chain (BSC) Mainnet","56","Reservoir","DAM","Reservoir","OFT","0xf9ca3fe094212ffa705742d3626a8ab96aababf8","0xf9ca3fe094212ffa705742d3626a8ab96aababf8","30102","mainnet"
"BNB Smart Chain (BSC) Mainnet","56","DegenReborn","DegenReborn","DegenReborn","OFTAdapter","0x5e6adf21e76f9d4258fc68fd5c8fcb826185f8ef","0x5e6adf21e76f9d4258fc68fd5c8fcb826185f8ef","30102","mainnet"
"BNB Smart Chain (BSC) Mainnet","56","Delabs","DELABS","Delabs","OFT","0x23ccab1de32e06a6235a7997c266f86440c2cbe6","0x23ccab1de32e06a6235a7997c266f86440c2cbe6","30102","mainnet"
"BNB Smart Chain (BSC) Mainnet","56","DMAIL","DMAIL","DMAIL","OFT","0xcc6f1e1b87cfcbe9221808d2d85c501aab0b5192","0xcc6f1e1b87cfcbe9221808d2d85c501aab0b5192","30102","mainnet"
"BNB Smart Chain (BSC) Mainnet","56","Goat Network","DOGE","Goat Network","OFTAdapter","0x0e9a492bd9d4241028f794b9580847e5c3444776","0x0e9a492bd9d4241028f794b9580847e5c3444776","30102","mainnet"
"BNB Smart Chain (BSC) Mainnet","56","EDU Chain","EDU","EDU Chain","OFTAdapter","0x67fb304001ad03c282266b965b51e97aa54a2fab","0x67fb304001ad03c282266b965b51e97aa54a2fab","30102","mainnet"
"BNB Smart Chain (BSC) Mainnet","56","Ethena","ENA","Ethena","OFT","0x58538e6a46e07434d7e7375bc268d3cb839c0133","0x58538e6a46e07434d7e7375bc268d3cb839c0133","30102","mainnet"
"BNB Smart Chain (BSC) Mainnet","56","Euler","EUL","Euler","OFTAdapter","0x1633269308f154fbecbb15f91d72d2afa6af95b4","0x1633269308f154fbecbb15f91d72d2afa6af95b4","30102","mainnet"
"BNB Smart Chain (BSC) Mainnet","56","SynFutures","F","SynFutures","OFT","0xc9ccbd76c2353e593cc975f13295e8289d04d3bb","0xc9ccbd76c2353e593cc975f13295e8289d04d3bb","30102","mainnet"
"BNB Smart Chain (BSC) Mainnet","56","FARCANA","FAR","FARCANA","OFT","0xdc816b6bd4786720e91eb17d4dabf0e1eef5ee91","0xdc816b6bd4786720e91eb17d4dabf0e1eef5ee91","30102","mainnet"
"BNB Smart Chain (BSC) Mainnet","56","Frax Finance","FXS","Frax Finance","OFT","0x64445f0aecc51e94ad52d8ac56b7190e764e561a","0x64445f0aecc51e94ad52d8ac56b7190e764e561a","30102","mainnet"
"BNB Smart Chain (BSC) Mainnet","56","GameBuild","GAME","GameBuild","OFT","0x825459139c897d769339f295e962396c4f9e4a4d","0x825459139c897d769339f295e962396c4f9e4a4d","30102","mainnet"
"BNB Smart Chain (BSC) Mainnet","56","FSL Ecosystem","GGUSD","FSL Ecosystem","OFT","0xffffff9936bd58a008855b0812b44d2c8dffe2aa","0xffffff9936bd58a008855b0812b44d2c8dffe2aa","30102","mainnet"
"BNB Smart Chain (BSC) Mainnet","56","QnA3.AI","GPT","QnA3.AI","OFTAdapter","0xe99ae1beb4aae669f9c4ffcbb90263685fb4c8c3","0xe99ae1beb4aae669f9c4ffcbb90263685fb4c8c3","30102","mainnet"
"BNB Smart Chain (BSC) Mainnet","56","Hacken","HAI","Hacken","OFT","0x582a560b9f8eaa5b6c889d7674532bcd61f066ec","0x582a560b9f8eaa5b6c889d7674532bcd61f066ec","30102","mainnet"
"BNB Smart Chain (BSC) Mainnet","56","Happy Cat","HAPPY","Happy Cat","OFT","0x2e72393a57287b1a09857db589b27bb0fd499922","0x2e72393a57287b1a09857db589b27bb0fd499922","30102","mainnet"
"BNB Smart Chain (BSC) Mainnet","56","Hard Protocol","HARD","Hard Protocol","OFT","0x0f1e2c34f688d68af730cbd0b79bb4b5519e00e0","0x0f1e2c34f688d68af730cbd0b79bb4b5519e00e0","30102","mainnet"
"BNB Smart Chain (BSC) Mainnet","56","Hemi Network","HEMI","Hemi Network","OFT","0x5ffd0eadc186af9512542d0d5e5eafc65d5afc5b","0x5ffd0eadc186af9512542d0d5e5eafc65d5afc5b","30102","mainnet"
"BNB Smart Chain (BSC) Mainnet","56","Hive Intelligence","HINT","Hive Intelligence","OFT","0x91da780bc7f4b7cf19abe90411a2a296ec5ff787","0x91da780bc7f4b7cf19abe90411a2a296ec5ff787","30102","mainnet"
"BNB Smart Chain (BSC) Mainnet","56","Home","HOME","Home","OFT","0x4bfaa776991e85e5f8b1255461cbbd216cfc714f","0x4bfaa776991e85e5f8b1255461cbbd216cfc714f","30102","mainnet"
"BNB Smart Chain (BSC) Mainnet","56","Huma Finance","HUMA","Huma Finance","OFT","0x92516e0ddf1ddbf7fab1b79cac26689fdc5ba8e6","0x92516e0ddf1ddbf7fab1b79cac26689fdc5ba8e6","30102","mainnet"
"BNB Smart Chain (BSC) Mainnet","56","Impossible Finance","IDIA","Impossible Finance","OFTAdapter","0xcf7d4b692c478b77aff32bb1493c54c84f27f85a","0xcf7d4b692c478b77aff32bb1493c54c84f27f85a","30102","mainnet"
"BNB Smart Chain (BSC) Mainnet","56","INFINIT","IN","INFINIT","OFT","0x61fac5f038515572d6f42d4bcb6b581642753d50","0x61fac5f038515572d6f42d4bcb6b581642753d50","30102","mainnet"
"BNB Smart Chain (BSC) Mainnet","56","Inspect","INSP","Inspect","OFT","0x8d279274789ccec8af94a430a5996eaace9609a9","0x8d279274789ccec8af94a430a5996eaace9609a9","30102","mainnet"
"BNB Smart Chain (BSC) Mainnet","56","Rebase GG","IRL","Rebase GG","OFT","0xa80221d067603e30060f75e2458aa361f8ee5402","0xa80221d067603e30060f75e2458aa361f8ee5402","30102","mainnet"
"BNB Smart Chain (BSC) Mainnet","56","Interport Finance","ITP","Interport Finance","OFT","0x2b1d36f5b61addaf7da7ebbd11b35fd8cfb0de31","0x2b1d36f5b61addaf7da7ebbd11b35fd8cfb0de31","30102","mainnet"
"BNB Smart Chain (BSC) Mainnet","56","LFJ","JOE","LFJ","OFT","0x371c7ec6d8039ff7933a2aa28eb827ffe1f52f07","0x371c7ec6d8039ff7933a2aa28eb827ffe1f52f07","30102","mainnet"
"BNB Smart Chain (BSC) Mainnet","56","Sidekick","K","Sidekick","OFT","0x0a73d885cdd66adf69c6d64c0609e55c527db2be","0x0a73d885cdd66adf69c6d64c0609e55c527db2be","30102","mainnet"
"BNB Smart Chain (BSC) Mainnet","56","Kava","KAVA","Kava","OFT","0x9bafc8d4b487cebff201721702507a3e2c67ad79","0x9bafc8d4b487cebff201721702507a3e2c67ad79","30102","mainnet"
"BNB Smart Chain (BSC) Mainnet","56","KernelDAO","KERNEL","KernelDAO","OFT","0x9ecaf80c1303cca8791afbc0ad405c8a35e8d9f1","0x9ecaf80c1303cca8791afbc0ad405c8a35e8d9f1","30102","mainnet"
"BNB Smart Chain (BSC) Mainnet","56","KiloEx","KILO","KiloEx","OFT","0x9ff59ffc463736520aa465b2ca9c5d047be919ba","0x9ff59ffc463736520aa465b2ca9c5d047be919ba","30102","mainnet"
"BNB Smart Chain (BSC) Mainnet","56","Lagrange","LA","Lagrange","OFT","0x389ad4bb96d0d6ee5b6ef0efaf4b7db0ba2e02a0","0x389ad4bb96d0d6ee5b6ef0efaf4b7db0ba2e02a0","30102","mainnet"
"BNB Smart Chain (BSC) Mainnet","56","Lif3","LIF3","Lif3","OFT","0x336f374198c872ba760e85af9c6331c3c5a535d3","0x336f374198c872ba760e85af9c6331c3c5a535d3","30102","mainnet"
"BNB Smart Chain (BSC) Mainnet","56","Lif3","LSHARE","Lif3","OFT","0x0c08638473cafbca3beb113616a1871f4bfad4f9","0x0c08638473cafbca3beb113616a1871f4bfad4f9","30102","mainnet"
"BNB Smart Chain (BSC) Mainnet","56","MAHA","MAHA","MAHA","OFT","0x6a661312938d22a2a0e27f585073e4406903990a","0x6a661312938d22a2a0e27f585073e4406903990a","30102","mainnet"
"BNB Smart Chain (BSC) Mainnet","56","Maverick Protocol","MAV","Maverick Protocol","OFT","0xd691d9a68c887bdf34da8c36f63487333acfd103","0xd691d9a68c887bdf34da8c36f63487333acfd103","30102","mainnet"
"BNB Smart Chain (BSC) Mainnet","56","Metis","METIS","Metis","OFT","0xcecb301c2e2a04dd631428c386dd21db70716f8a","0xcecb301c2e2a04dd631428c386dd21db70716f8a","30102","mainnet"
"BNB Smart Chain (BSC) Mainnet","56","Moongate","MGT","Moongate","OFTAdapter","0x08bf7f2005ab25a90d4f88efd70dbdf0ef6b7554","0x08bf7f2005ab25a90d4f88efd70dbdf0ef6b7554","30102","mainnet"
"BNB Smart Chain (BSC) Mainnet","56","Abracadabra Money","MIM","Abracadabra Money","OFTAdapter","0x41d5a04b4e03dc27dc1f5c5a576ad2187bc601af","0x41d5a04b4e03dc27dc1f5c5a576ad2187bc601af","30102","mainnet"
"BNB Smart Chain (BSC) Mainnet","56","MANSORY","MNSRY","MANSORY","OFT","0x0fcfe33b46e5b21e5e96b722d4c85510198f9255","0x0fcfe33b46e5b21e5e96b722d4c85510198f9255","30102","mainnet"
"BNB Smart Chain (BSC) Mainnet","56","Metaverser","MTVT","Metaverser","OFTAdapter","0x76326791a0d491cdb24a349354ec024756816d12","0x76326791a0d491cdb24a349354ec024756816d12","30102","mainnet"
"BNB Smart Chain (BSC) Mainnet","56","OPENLOOT","OL","OPENLOOT","OFT","0x3f160760535eb715d5809a26cf55408a2d9844c1","0x3f160760535eb715d5809a26cf55408a2d9844c1","30102","mainnet"
"BNB Smart Chain (BSC) Mainnet","56","OpenLeverage","OLE","OpenLeverage","OFT","0xb7e2713cf55cf4b469b5a8421ae6fc0ed18f1467","0xb7e2713cf55cf4b469b5a8421ae6fc0ed18f1467","30102","mainnet"
"BNB Smart Chain (BSC) Mainnet","56","OmniCat","OMNI","OmniCat","OFT","0x9e20461bc2c4c980f62f1b279d71734207a6a356","0x9e20461bc2c4c980f62f1b279d71734207a6a356","30102","mainnet"
"BNB Smart Chain (BSC) Mainnet","56","OpenOcean","OOE","OpenOcean","OFTAdapter","0x9ba0b9c177846e6e447a5293c0f687e18df9da08","0x9ba0b9c177846e6e447a5293c0f687e18df9da08","30102","mainnet"
"BNB Smart Chain (BSC) Mainnet","56","OORT","OORT","OORT","OFTAdapter","0xbd26aa1903b29101b48a27f2cb8a2889fbbef223","0xbd26aa1903b29101b48a27f2cb8a2889fbbef223","30102","mainnet"
"BNB Smart Chain (BSC) Mainnet","56","ORA Protocol","ORA","ORA Protocol","OFT","0x333333c465a19c85f85c6cfbed7b16b0b26e3333","0x333333c465a19c85f85c6cfbed7b16b0b26e3333","30102","mainnet"
"BNB Smart Chain (BSC) Mainnet","56","Orderly Network","ORDER","Orderly Network","OFT","0x4e200fe2f3efb977d5fd9c430a41531fb04d97b8","0x4e200fe2f3efb977d5fd9c430a41531fb04d97b8","30102","mainnet"
"BNB Smart Chain (BSC) Mainnet","56","Osaka Protocol","OSAK","Osaka Protocol","OFT","0x11cd72f7a4b699c67f225ca8abb20bc9f8db90c7","0x11cd72f7a4b699c67f225ca8abb20bc9f8db90c7","30102","mainnet"
"BNB Smart Chain (BSC) Mainnet","56","OX.Fun","OX","OX.Fun","OFT","0xba0dda8762c24da9487f5fa026a9b64b695a07ea","0xba0dda8762c24da9487f5fa026a9b64b695a07ea","30102","mainnet"
"BNB Smart Chain (BSC) Mainnet","56","Open Exchange","OX.old","Open Exchange","OFT","0x78a0a62fba6fb21a83fe8a3433d44c73a4017a6f","0x78a0a62fba6fb21a83fe8a3433d44c73a4017a6f","30102","mainnet"
"BNB Smart Chain (BSC) Mainnet","56","THE P33L","P33L","THE P33L","OFT","0x7528bd0f620d1568c307cc8d5db481a29e8d4e37","0x7528bd0f620d1568c307cc8d5db481a29e8d4e37","30102","mainnet"
"BNB Smart Chain (BSC) Mainnet","56","PolkaBridge","PBR","PolkaBridge","OFT","0x3c1b057cb7aceb4f2c4d889a29febec30a6a3146","0x3c1b057cb7aceb4f2c4d889a29febec30a6a3146","30102","mainnet"
"BNB Smart Chain (BSC) Mainnet","56","Peaq","PEAQ","Peaq","OFT","0x8b9ee39195ea99d6ddd68030f44131116bc218f6","0x8b9ee39195ea99d6ddd68030f44131116bc218f6","30102","mainnet"
"BNB Smart Chain (BSC) Mainnet","56","Pudgy Penguins","PENGU","Pudgy Penguins","OFT","0x6418c0dd099a9fda397c766304cdd918233e8847","0x6418c0dd099a9fda397c766304cdd918233e8847","30102","mainnet"
"BNB Smart Chain (BSC) Mainnet","56","PEPE","PEPE","PEPE","OFT","0x25d887ce7a35172c62febfd67a1856f20faebb00","0x25d887ce7a35172c62febfd67a1856f20faebb00","30102","mainnet"
"BNB Smart Chain (BSC) Mainnet","56","Primex Finance","PMX","Primex Finance","OFT","0x0b3eaead748facdb9d943d3407011f16eb17d0cf","0x0b3eaead748facdb9d943d3407011f16eb17d0cf","30102","mainnet"
"BNB Smart Chain (BSC) Mainnet","56","Prosper","PROS","Prosper","OFT","0x915424ac489433130d92b04096f3b96c82e92a9d","0x915424ac489433130d92b04096f3b96c82e92a9d","30102","mainnet"
"BNB Smart Chain (BSC) Mainnet","56","Succinct","PROVE","Succinct","OFT","0x7ddf164cecfddd0f992299d033b5a11279a15929","0x7ddf164cecfddd0f992299d033b5a11279a15929","30102","mainnet"
"BNB Smart Chain (BSC) Mainnet","56","Puffer","PUFFER","Puffer","OFT","0x87d00066cf131ff54b72b134a217d5401e5392b6","0x87d00066cf131ff54b72b134a217d5401e5392b6","30102","mainnet"
"BNB Smart Chain (BSC) Mainnet","56","Redacted Finance","pxETH","Redacted Finance","OFT","0x300d2c875c6fb8ce4bf5480b4d34b7c9ea8a33a4","0x300d2c875c6fb8ce4bf5480b4d34b7c9ea8a33a4","30102","mainnet"
"BNB Smart Chain (BSC) Mainnet","56","Qi Dao","QI","Qi Dao","OFT","0xd3fdcb837dafdb7c9c3ebd48fe22a53f6dd3d7d7","0xd3fdcb837dafdb7c9c3ebd48fe22a53f6dd3d7d7","30102","mainnet"
"BNB Smart Chain (BSC) Mainnet","56","DappRadar","RADAR","DappRadar","OFTAdapter","0x1713bd4cd1b8f0342c48fbd68658605346386324","0x1713bd4cd1b8f0342c48fbd68658605346386324","30102","mainnet"
"BNB Smart Chain (BSC) Mainnet","56","Rootstock","RBTC","Rootstock","OFT","0xa3500c36a8cc2b53a7d7e16a75148e0527f76eef","0xa3500c36a8cc2b53a7d7e16a75148e0527f76eef","30102","mainnet"
"BNB Smart Chain (BSC) Mainnet","56","Radiant Capital","RDNT","Radiant Capital","OFT","0xf7de7e8a6bd59ed41a4b5fe50278b3b7f31384df","0xf7de7e8a6bd59ed41a4b5fe50278b3b7f31384df","30102","mainnet"
"BNB Smart Chain (BSC) Mainnet","56","Rekt","REKT","Rekt","OFT","0x20482b0b4d9d8f60d3ab432b92f4c4b901a0d10c","0x20482b0b4d9d8f60d3ab432b92f4c4b901a0d10c","30102","mainnet"
"BNB Smart Chain (BSC) Mainnet","56","Resolv","RESOLV","Resolv","OFT","0xda6cef7f667d992a60eb823ab215493aa0c6b360","0xda6cef7f667d992a60eb823ab215493aa0c6b360","30102","mainnet"
"BNB Smart Chain (BSC) Mainnet","56","Reunit Wallet","REUNI","Reunit Wallet","OFT","0x9ed7e4b1bff939ad473da5e7a218c771d1569456","0x9ed7e4b1bff939ad473da5e7a218c771d1569456","30102","mainnet"
"BNB Smart Chain (BSC) Mainnet","56","Resolv Labs","RLP","Resolv Labs","OFT","0x35e5db674d8e93a03d814fa0ada70731efe8a4b9","0x35e5db674d8e93a03d814fa0ada70731efe8a4b9","30102","mainnet"
"BNB Smart Chain (BSC) Mainnet","56","Reservoir","rUSD","Reservoir","OFT","0x09d4214c03d01f49544c0448dbe3a27f768f2b34","0x09d4214c03d01f49544c0448dbe3a27f768f2b34","30102","mainnet"
"BNB Smart Chain (BSC) Mainnet","56","RWA Inc.","RWA","RWA Inc.","OFT","0xe2b1dc2d4a3b4e59fdf0c47b71a7a86391a8b35a","0xe2b1dc2d4a3b4e59fdf0c47b71a7a86391a8b35a","30102","mainnet"
"BNB Smart Chain (BSC) Mainnet","56","The Sandbox Game","SAND","The Sandbox Game","OFT","0xac531eb26ca1d21b85126de8fb87e80e09002dcf","0xac531eb26ca1d21b85126de8fb87e80e09002dcf","30102","mainnet"
"BNB Smart Chain (BSC) Mainnet","56","Seedify Fund","SFUND","Seedify Fund","OFTAdapter","0x560363bda52bc6a44ca6c8c9b4a5fadbda32fa60","0x560363bda52bc6a44ca6c8c9b4a5fadbda32fa60","30102","mainnet"
"BNB Smart Chain (BSC) Mainnet","56","Myshell","SHELL","Myshell","OFT","0xf2c88757f8d03634671208935974b60a2a28bdb3","0xf2c88757f8d03634671208935974b60a2a28bdb3","30102","mainnet"
"BNB Smart Chain (BSC) Mainnet","56","SHRAPNEL","SHRAP","SHRAPNEL","OFT","0x31e4efe290973ebe91b3a875a7994f650942d28f","0x31e4efe290973ebe91b3a875a7994f650942d28f","30102","mainnet"
"BNB Smart Chain (BSC) Mainnet","56","Skate","SKATE","Skate","OFT","0x61dbbbb552dc893ab3aad09f289f811e67cef285","0x61dbbbb552dc893ab3aad09f289f811e67cef285","30102","mainnet"
"BNB Smart Chain (BSC) Mainnet","56","SatLayer","SLAY","SatLayer","OFT","0xfc5a743271672e91d77f0176e5cea581fbd5d834","0xfc5a743271672e91d77f0176e5cea581fbd5d834","30102","mainnet"
"BNB Smart Chain (BSC) Mainnet","56","Somnia","SOMI","Somnia","OFT","0xa9616e5e23ec1582c2828b025becf3ef610e266f","0xa9616e5e23ec1582c2828b025becf3ef610e266f","30102","mainnet"
"BNB Smart Chain (BSC) Mainnet","56","Sophon","SOPH","Sophon","OFT","0x31dba3c96481fde3cd81c2aaf51f2d8bf618c742","0x31dba3c96481fde3cd81c2aaf51f2d8bf618c742","30102","mainnet"
"BNB Smart Chain (BSC) Mainnet","56","Spark","SPK","Spark","OFT","0xaff2e841851700d1fc101995ee6b81ae21bb87d7","0xaff2e841851700d1fc101995ee6b81ae21bb87d7","30102","mainnet"
"BNB Smart Chain (BSC) Mainnet","56","Lorenzo Protocol","stBTC","Lorenzo Protocol","OFTAdapter","0xbce9988376c6b9c0c035bdbc9060568031d51130","0xbce9988376c6b9c0c035bdbc9060568031d51130","30102","mainnet"
"BNB Smart Chain (BSC) Mainnet","56","Stargate","STG","Stargate","OFT","0xb0d502e938ed5f4df2e681fe6e419ff29631d62b","0xb0d502e938ed5f4df2e681fe6e419ff29631d62b","30102","mainnet"
"BNB Smart Chain (BSC) Mainnet","56","Avalon Labs","sUSDa","Avalon Labs","OFT","0x73a325103935b0b5e7aa3aca6dba74ad22f82b03","0x73a325103935b0b5e7aa3aca6dba74ad22f82b03","30102","mainnet"
"BNB Smart Chain (BSC) Mainnet","56","Ethena","sUSDe","Ethena","OFT","0x211cc4dd073734da055fbf44a2b4667d5e5fe5d2","0x211cc4dd073734da055fbf44a2b4667d5e5fe5d2","30102","mainnet"
"BNB Smart Chain (BSC) Mainnet","56","Seedify Fund","SWORLD","Seedify Fund","OFT","0x968be3f7bfef0f8edc3c1ad90232ebb0da0867aa","0x968be3f7bfef0f8edc3c1ad90232ebb0da0867aa","30102","mainnet"
"BNB Smart Chain (BSC) Mainnet","56","Trusta.AI","TA","Trusta.AI","OFT","0x539ae81a166e5e80aed211731563e549c411b140","0x539ae81a166e5e80aed211731563e549c411b140","30102","mainnet"
"BNB Smart Chain (BSC) Mainnet","56","TAC","TAC","TAC","OFT","0x1219c409fabe2c27bd0d1a565daeed9bd9f271de","0x1219c409fabe2c27bd0d1a565daeed9bd9f271de","30102","mainnet"
"BNB Smart Chain (BSC) Mainnet","56","Tenet","TENET","Tenet","OFT","0x788d86e00ab31db859c3d6b80d5a9375801d7f2a","0x788d86e00ab31db859c3d6b80d5a9375801d7f2a","30102","mainnet"
"BNB Smart Chain (BSC) Mainnet","56","Telos","TLOS","Telos","OFT","0x193f4a4a6ea24102f49b931deeeb931f6e32405d","0x193f4a4a6ea24102f49b931deeeb931f6e32405d","30102","mainnet"
"BNB Smart Chain (BSC) Mainnet","56","Cryptopia","TOS","Cryptopia","OFT","0x883cfbd30bd076a063a453335414909545186275","0x883cfbd30bd076a063a453335414909545186275","30102","mainnet"
"BNB Smart Chain (BSC) Mainnet","56","Unicorn Fart Dust","UFD","Unicorn Fart Dust","OFT","0xfdfdfd005f127334f7c4eefef2252d2bf4b6e79e","0xfdfdfd005f127334f7c4eefef2252d2bf4b6e79e","30102","mainnet"
"BNB Smart Chain (BSC) Mainnet","56","Unbound Finance","UNB","Unbound Finance","OFT","0xb2e787c6c83d6d75f466371a2966b27a8b700828","0xb2e787c6c83d6d75f466371a2966b27a8b700828","30102","mainnet"
"BNB Smart Chain (BSC) Mainnet","56","unshETH","unshETH","unshETH","OFT","0x0ae38f7e10a43b5b2fb064b42a2f4514cba909ef","0x0ae38f7e10a43b5b2fb064b42a2f4514cba909ef","30102","mainnet"
"BNB Smart Chain (BSC) Mainnet","56","Avalon Labs","USDa","Avalon Labs","OFT","0x9356086146be5158e98ad827e21b5cf944699894","0x9356086146be5158e98ad827e21b5cf944699894","30102","mainnet"
"BNB Smart Chain (BSC) Mainnet","56","USDC","USDC","Stargate","StargatePool","0x962Bd449E630b0d928f308Ce63f1A21F02576057","0x8AC76a51cc950d9822D68b83fE1Ad97B32Cd580d","30102","mainnet"
"BNB Smart Chain (BSC) Mainnet","56","Ethena","USDe","Ethena","OFT","0x5d3a1ff2b6bab83b63cd9ad0787074081a52ef34","0x5d3a1ff2b6bab83b63cd9ad0787074081a52ef34","30102","mainnet"
"BNB Smart Chain (BSC) Mainnet","56","USDT","USDT","Stargate","StargatePool","0x138EB30f73BC423c6455C53df6D89CB01d9eBc63","0x55d398326f99059fF775485246999027B3197955","30102","mainnet"
"BNB Smart Chain (BSC) Mainnet","56","unshETH","USH","unshETH","OFT","0x91d6d6af7635b7b23a8ced9508117965180e2362","0x91d6d6af7635b7b23a8ced9508117965180e2362","30102","mainnet"
"BNB Smart Chain (BSC) Mainnet","56","Resolv Labs","USR","Resolv Labs","OFT","0x2492d0006411af6c8bbb1c8afc1b0197350a79e9","0x2492d0006411af6c8bbb1c8afc1b0197350a79e9","30102","mainnet"
"BNB Smart Chain (BSC) Mainnet","56","Vana","VANA","Vana","OFT","0x7ff7fa94b8b66ef313f7970d4eebd2cb3103a2c0","0x7ff7fa94b8b66ef313f7970d4eebd2cb3103a2c0","30102","mainnet"
"BNB Smart Chain (BSC) Mainnet","56","WAGMI","WAGMI","WAGMI","OFT","0xaf20f5f19698f1d19351028cd7103b63d30de7d7","0xaf20f5f19698f1d19351028cd7103b63d30de7d7","30102","mainnet"
"BNB Smart Chain (BSC) Mainnet","56","GMX","WBNB","GMX","OFTAdapter","0xa9004a5421372e1d83fb1f85b0fc986c912f91f3","0xa9004a5421372e1d83fb1f85b0fc986c912f91f3","30102","mainnet"
"BNB Smart Chain (BSC) Mainnet","56","wBTC","WBTC","wBTC","OFT","0x0555e30da8f98308edb960aa94c0db47230d2b9c","0x0555e30da8f98308edb960aa94c0db47230d2b9c","30102","mainnet"
"BNB Smart Chain (BSC) Mainnet","56","Ether.Fi","weETH","Ether.Fi","OFT","0x04c0599ae5a44757c0af6f9ec3b93da8976c150a","0x04c0599ae5a44757c0af6f9ec3b93da8976c150a","30102","mainnet"
"BNB Smart Chain (BSC) Mainnet","56","dogwifhat","WIF","dogwifhat","OFT","0x2dce707c47fd9c0f1833a281f45e3e41ace2725b","0x2dce707c47fd9c0f1833a281f45e3e41ace2725b","30102","mainnet"
"BNB Smart Chain (BSC) Mainnet","56","Wilder World","WILD","Wilder World","OFT","0x6685906b75c61c57772c335402f594f855c1b0e3","0x6685906b75c61c57772c335402f594f855c1b0e3","30102","mainnet"
"BNB Smart Chain (BSC) Mainnet","56","Nine Chronicles","WNCG","Nine Chronicles","OFT","0x52242cbab41e290e9e17ccc50cc437bb60020a9d","0x52242cbab41e290e9e17ccc50cc437bb60020a9d","30102","mainnet"
"BNB Smart Chain (BSC) Mainnet","56","Resolv Labs","wsrUSD","Resolv Labs","OFT","0x4809010926aec940b550d34a46a52739f996d75d","0x4809010926aec940b550d34a46a52739f996d75d","30102","mainnet"
"BNB Smart Chain (BSC) Mainnet","56","Resolv Labs","wstUSR","Resolv Labs","OFT","0x4254813524695def4163a169e901f3d7a1a55429","0x4254813524695def4163a169e901f3d7a1a55429","30102","mainnet"
"BNB Smart Chain (BSC) Mainnet","56","WXTZ","WXTZ","WXTZ","OFT","0x91f9cc2649ac70a071602cade9b0c1a5868af51d","0x91f9cc2649ac70a071602cade9b0c1a5868af51d","30102","mainnet"
"BNB Smart Chain (BSC) Mainnet","56","XX Network","WXX","XX Network","OFT","0x6eb8f07d04278330b90a196f21708165529db783","0x6eb8f07d04278330b90a196f21708165529db783","30102","mainnet"
"BNB Smart Chain (BSC) Mainnet","56","XPLA","XPLA","XPLA","OFT","0x332dd4f170cdfc27756ee4159e7dbf034c84c65b","0x332dd4f170cdfc27756ee4159e7dbf034c84c65b","30102","mainnet"
"BNB Smart Chain (BSC) Mainnet","56","Venus Protocol","XVS","Venus Protocol","OFTAdapter","0xf8f46791e3db29a029ec6c9d946226f3c613e854","0xf8f46791e3db29a029ec6c9d946226f3c613e854","30102","mainnet"
"BNB Smart Chain (BSC) Mainnet","56","Yala Token","YALA","Yala Token","OFT","0xf970706063b7853877f39515c96932d49d5ac9cd","0xf970706063b7853877f39515c96932d49d5ac9cd","30102","mainnet"
"BNB Smart Chain (BSC) Mainnet","56","YieldNest Restaked BitFi BTC - Kernel","ynBfBTCk","YieldNest Restaked BitFi BTC - Kernel","OFTAdapter","0x59f1f7c4a003c2ae7c4c6db24a831c92bb7ef9ae","0x59f1f7c4a003c2ae7c4c6db24a831c92bb7ef9ae","30102","mainnet"
"BNB Smart Chain (BSC) Mainnet","56","ynBNB MAX","ynBNBx","ynBNB MAX","OFTAdapter","0x12a1ea4a8d6d698e4d6175f563957d1a55405947","0x12a1ea4a8d6d698e4d6175f563957d1a55405947","30102","mainnet"
"BNB Smart Chain (BSC) Mainnet","56","KernelDAO","ynBTCk","KernelDAO","OFTAdapter","0x18fc76b4ebb856af08ae041eca0c0b0881dfd058","0x18fc76b4ebb856af08ae041eca0c0b0881dfd058","30102","mainnet"
"BNB Smart Chain (BSC) Mainnet","56","YieldNest","ynCoBTCk","YieldNest","OFTAdapter","0x89935d6db5f7bd0faf142b1bbcfb57ec44b255a3","0x89935d6db5f7bd0faf142b1bbcfb57ec44b255a3","30102","mainnet"
"BNB Smart Chain (BSC) Mainnet","56","YieldNest","YND","YieldNest","OFTAdapter","0xc099ab708e20e8b25c63ca156d7cc94404c55416","0xc099ab708e20e8b25c63ca156d7cc94404c55416","30102","mainnet"
"BNB Smart Chain (BSC) Mainnet","56","YieldNest","ynETHx","YieldNest","OFTAdapter","0xbe82cbe217bf4e0a87dd88c552e93054f4ef2c7c","0xbe82cbe217bf4e0a87dd88c552e93054f4ef2c7c","30102","mainnet"
"BNB Smart Chain (BSC) Mainnet","56","Yala stablecoin","YU","Yala stablecoin","OFT","0xe868084cf08f3c3db11f4b73a95473762d9463f7","0xe868084cf08f3c3db11f4b73a95473762d9463f7","30102","mainnet"
"BNB Smart Chain (BSC) Mainnet","56","Aegis","YUSD","Aegis","OFTAdapter","0x539e46827c37a3ef11c7ce521cc56b4d59e602e3","0x539e46827c37a3ef11c7ce521cc56b4d59e602e3","30102","mainnet"
"BNB Smart Chain (BSC) Mainnet","56","Zerolend","ZERO","Zerolend","OFT","0x458ad5b487f4442245e4c5ea7249009e607a5583","0x458ad5b487f4442245e4c5ea7249009e607a5583","30102","mainnet"
"BNB Smart Chain (BSC) Mainnet","56","Zircuit","ZRC","Zircuit","OFT","0xdac991621fd8048d9f235324780abd6c3ad26421","0xdac991621fd8048d9f235324780abd6c3ad26421","30102","mainnet"
"BNB Smart Chain (BSC) Mainnet","56","ZRO Token","ZRO","ZRO Token","OFT","0x6985884c4392d348587b19cb9eaaf157f13271cd","0x6985884c4392d348587b19cb9eaaf157f13271cd","30102","mainnet"
"BOB Mainnet","60808","Euler","EUL","Euler","OFTAdapter","0x797964f9eb3a733d443810820f56c9ebaab1d1c2","0x797964f9eb3a733d443810820f56c9ebaab1d1c2","30279","mainnet"
"BOB Mainnet","60808","wBTC","WBTC","wBTC","OFT","0x0555e30da8f98308edb960aa94c0db47230d2b9c","0x0555e30da8f98308edb960aa94c0db47230d2b9c","30279","mainnet"
"BOB Mainnet","60808","Wild Goat Coin","WGC","Wild Goat Coin","OFT","0x3d63825b0d8669307366e6c8202f656b9e91d368","0x3d63825b0d8669307366e6c8202f656b9e91d368","30279","mainnet"
"Botanix","3637","USDC.e","USDC.e","Stargate","StargateOFT","0xf785a6BcC6a2d5522D27A1FD11099A84e3710Bb2","0x29eE6138DD4C9815f46D34a4A1ed48F46758A402","30376","mainnet"
"Botanix","3637","WETH","WETH","Stargate","StargateOFT","0x5e37084162504da9AAa8F441D5F9360d1fe9aD40","0x3292c42e8E9Ab3C6a12CFdA556BbCB6f113B1E28","30376","mainnet"
"camp","N/A","USDC.e","USDC.e","Stargate","StargateOFT","0x0829F361A05D993d5CEb035cA6DF3446b060970b","0x8a2B28364102Bea189D99A475C494330Ef2bDD0B","N/A","mainnet"
"camp","N/A","WETH","WETH","Stargate","StargateOFT","0x783129E4d7bA0Af0C896c239E57C06DF379aAE8c","0x60219C44E146BAf36002eA73767820238Ebc1db6","N/A","mainnet"
"Celo Mainnet","42220","Brale","SBC","Brale","OFTAdapter","0xb9d852a3f9b3a82e243faab0272604102a111e1a","0xb9d852a3f9b3a82e243faab0272604102a111e1a","30125","mainnet"
"Celo Mainnet","42220","Wild Goat Coin","WGC","Wild Goat Coin","OFT","0xc53ac24320e3a54c7211e4993c8095078a0cb3cf","0xc53ac24320e3a54c7211e4993c8095078a0cb3cf","30125","mainnet"
"CoreDAO Mainnet","1116","BIMA","USBD","BIMA","OFT","0x6bede1c6009a78c222d9bdb7974bb67847fdb68c","0x6bede1c6009a78c222d9bdb7974bb67847fdb68c","30153","mainnet"
"CoreDAO Mainnet","1116","USDC","USDC","Stargate","StargatePool","0x2F6F07CDcf3588944Bf4C42aC74ff24bF56e7590","0xa4151B2B3e269645181dCcF2D426cE75fcbDeca9","30153","mainnet"
"CoreDAO Mainnet","1116","USDT","USDT","Stargate","StargatePool","0x45f1A95A4D3f3836523F5c83673c797f4d4d263B","0x900101d06A7426441Ae63e9AB3B9b0F63Be145F1","30153","mainnet"
"Corn Mainnet","21000000","Corn","CORN","Corn","OFT","0x44f49ff0da2498bcb1d3dc7c0f999578f67fd8c6","0x44f49ff0da2498bcb1d3dc7c0f999578f67fd8c6","30331","mainnet"
"Corn Mainnet","21000000","Solv Protocol","SolvBTC","Solv Protocol","OFTAdapter","0xb12979ff302ac903849948037a51792cf7186e8e","0xb12979ff302ac903849948037a51792cf7186e8e","30331","mainnet"
"Corn Mainnet","21000000","USDT0","USDT0","USDT0","OFTAdapter","0x3f82943338a8a76c35bfa0c1828aa27fd43a34e4","0x3f82943338a8a76c35bfa0c1828aa27fd43a34e4","30331","mainnet"
"Corn Mainnet","21000000","Solv Protocol","xSolvBTC","Solv Protocol","OFTAdapter","0x94dabd84cd36c4d364fcdd5cdabf41e73dbc99e6","0x94dabd84cd36c4d364fcdd5cdabf41e73dbc99e6","30331","mainnet"
"Cronos EVM Mainnet","25","crow with knife","CAW","crow with knife","OFTAdapter","0x74897ef1b152e5a733d797cab5cee383fe052c56","0x74897ef1b152e5a733d797cab5cee383fe052c56","30359","mainnet"
"Cronos EVM Mainnet","25","USDC.e","USDC.e","Stargate","StargateOFT","0x57687Bd10D3c2889BB112B36d0AFbfAa0686f7fa","0xf951eC28187D9E5Ca673Da8FE6757E6f0Be5F77C","30359","mainnet"
"Cronos EVM Mainnet","25","WETH","WETH","Stargate","StargateOFT","0x816f6e3CB269712Eb199f146Db7c3Fb590ae6af2","0xf44acfdC916898449E39062934C2b496799B6abe","30359","mainnet"
"Cyber Mainnet","7560","Phavercoin","SOCIAL","Phavercoin","OFT","0xd3c68968137317a57a9babeacc7707ec433548b4","0xd3c68968137317a57a9babeacc7707ec433548b4","30283","mainnet"
"Cyber Mainnet","7560","Wild Goat Coin","WGC","Wild Goat Coin","OFT","0x3d63825b0d8669307366e6c8202f656b9e91d368","0x3d63825b0d8669307366e6c8202f656b9e91d368","30283","mainnet"
"Degen Mainnet","666666666","aUSD₮","aUSD₮","Stargate","StargateOFT","0xAf5191B0De278C7286d6C7CC6ab6BB8A73bA2Cd6","0x674843C06FF83502ddb4D37c2E09C01cdA38cbc8","30267","mainnet"
"Degen Mainnet","666666666","Degen","DEGEN","Degen","NativeOFTAdapter","0x962311baf97e6e703f219ae251a181fb8cb9f258","0x962311baf97e6e703f219ae251a181fb8cb9f258","30267","mainnet"
"Degen Mainnet","666666666","USDC","USDC","Stargate","StargateOFT","0xAF54BE5B6eEc24d6BFACf1cce4eaF680A8239398","0xF1815bd50389c46847f0Bda824eC8da914045D14","30267","mainnet"
"Degen Mainnet","666666666","WETH","WETH","Stargate","StargateOFT","0x45f1A95A4D3f3836523F5c83673c797f4d4d263B","0x2F6F07CDcf3588944Bf4C42aC74ff24bF56e7590","30267","mainnet"
"doma","N/A","ETH","ETH","Stargate","StargatePool","0x5d46805BBFAcA875a96Ebbd22Aaa3DE4A81180f5","0x0000000000000000000000000000000000000000","N/A","mainnet"
"doma","N/A","USDC.e","USDC.e","Stargate","StargateOFT","0xcdA5b77E2E2268D9E09c874c1b9A4c3F07b37555","0x31EEf89D5215C305304a2fA5376a1f1b6C5dc477","N/A","mainnet"
"EDU Chain Mainnet","41923","USDC.e","USDC.e","Stargate","StargateOFT","0x28BEc7E30E6faee657a03e19Bf1128AaD7632A00","0x12a272A581feE5577A5dFa371afEB4b2F3a8C2F8","30328","mainnet"
"Ethereum Mainnet","1","7007","7007","7007","OFT","0x77a4b0bfe5c7257f67a1de1b99aa7e157035b1b2","0x77a4b0bfe5c7257f67a1de1b99aa7e157035b1b2","30101","mainnet"
"Ethereum Mainnet","1","ApeBond","ABOND","ApeBond","OFT","0xe6828d65bf5023ae1851d90d8783cc821ba7eee1","0xe6828d65bf5023ae1851d90d8783cc821ba7eee1","30101","mainnet"
"Ethereum Mainnet","1","Virtuals Protocol","AIXBT","Virtuals Protocol","OFT","0x0d37af9d8ae74f35f3a38bd2a08fcb29890ca6d2","0x0d37af9d8ae74f35f3a38bd2a08fcb29890ca6d2","30101","mainnet"
"Ethereum Mainnet","1","Stella","ALPHA","Stella","OFTAdapter","0x88b06c36fcba5a8cf53fa80cee7dc44e86f2d55a","0x88b06c36fcba5a8cf53fa80cee7dc44e86f2d55a","30101","mainnet"
"Ethereum Mainnet","1","AltLayer","ALT","AltLayer","OFTAdapter","0x85af271d1dfcbf53486d996f61d7ff0bba5582ea","0x85af271d1dfcbf53486d996f61d7ff0bba5582ea","30101","mainnet"
"Ethereum Mainnet","1","HeyAnon","Anon","HeyAnon","OFT","0x79bbf4508b1391af3a0f4b30bb5fc4aa9ab0e07c","0x79bbf4508b1391af3a0f4b30bb5fc4aa9ab0e07c","30101","mainnet"
"Ethereum Mainnet","1","ANyONe Protocol","ANYONE","ANyONe Protocol","OFTAdapter","0xaa469fc353c0ccffc8fc192e021afbc4e5303892","0xaa469fc353c0ccffc8fc192e021afbc4e5303892","30101","mainnet"
"Ethereum Mainnet","1","ApeCoin","APE","ApeCoin","OFTAdapter","0x5182fede730b31a9cf7f49c5781214b4a99f2370","0x5182fede730b31a9cf7f49c5781214b4a99f2370","30101","mainnet"
"Ethereum Mainnet","1","Apu Apustaja","APU","Apu Apustaja","OFTAdapter","0xce549fd1b93d9c3253394b67fae489d663862f21","0xce549fd1b93d9c3253394b67fae489d663862f21","30101","mainnet"
"Ethereum Mainnet","1","Redacted Finance","apxETH","Redacted Finance","OFTAdapter","0xe5ec9e3fa47d93a8a1062c983227f255bbeaf1f1","0xe5ec9e3fa47d93a8a1062c983227f255bbeaf1f1","30101","mainnet"
"Ethereum Mainnet","1","Asymmetry Finance","ASF","Asymmetry Finance","OFTAdapter","0x4feb6c50a69d0cb29f77e307249c767607b04408","0x4feb6c50a69d0cb29f77e307249c767607b04408","30101","mainnet"
"Ethereum Mainnet","1","ASPECTA","ASP","ASPECTA","OFT","0xad8c787992428cd158e451aab109f724b6bc36de","0xad8c787992428cd158e451aab109f724b6bc36de","30101","mainnet"
"Ethereum Mainnet","1","Phantom Galaxies","ASTRAFER","Phantom Galaxies","OFT","0xb51b97dd5569fab69495316b5a065cccff4b829d","0xb51b97dd5569fab69495316b5a065cccff4b829d","30101","mainnet"
"Ethereum Mainnet","1","Aethir","ATH","Aethir","OFTAdapter","0x5786c150609a4ef8957bc614a13e8e29558eaba4","0x5786c150609a4ef8957bc614a13e8e29558eaba4","30101","mainnet"
"Ethereum Mainnet","1","Bonsai3","BAI","Bonsai3","OFT","0x31ea904a7eca45122890deb8da3473a2081bc9d1","0x31ea904a7eca45122890deb8da3473a2081bc9d1","30101","mainnet"
"Ethereum Mainnet","1","Balancer","BAL","Balancer","OFTAdapter","0xe15bcb9e0ea69e6ab9fa080c4c4a5632896298c3","0xe15bcb9e0ea69e6ab9fa080c4c4a5632896298c3","30101","mainnet"
"Ethereum Mainnet","1","Beta Finance","BETA","Beta Finance","OFTAdapter","0x2a73f85024f101f3fac9fbcbce60707b6b3a6203","0x2a73f85024f101f3fac9fbcbce60707b6b3a6203","30101","mainnet"
"Ethereum Mainnet","1","BetSwirl","BETS","BetSwirl","OFTAdapter","0xb92d5ba343396599076a52bb95d0029286b8f463","0xb92d5ba343396599076a52bb95d0029286b8f463","30101","mainnet"
"Ethereum Mainnet","1","Bombie","BOMB","Bombie","OFTAdapter","0xe060ab5483448b961fd0cf987c09574545e07bce","0xe060ab5483448b961fd0cf987c09574545e07bce","30101","mainnet"
"Ethereum Mainnet","1","Debox","BOX","Debox","OFTAdapter","0xe3b60790607afe418adcaadcb5e07f8124ed4b26","0xe3b60790607afe418adcaadcb5e07f8124ed4b26","30101","mainnet"
"Ethereum Mainnet","1","Bright Union","BRIGHT","Bright Union","OFTAdapter","0x781b40005b308ff254e891f1a552271dd1ed12a6","0x781b40005b308ff254e891f1a552271dd1ed12a6","30101","mainnet"
"Ethereum Mainnet","1","BTC.b","BTC.b","BTC.b","OFT","0x2297aebd383787a160dd0d9f71508148769342e3","0x2297aebd383787a160dd0d9f71508148769342e3","30101","mainnet"
"Ethereum Mainnet","1","BYUSD","BYUSD","BYUSD","OFTAdapter","0x688e72142674041f8f6af4c808a4045ca1d6ac82","0x688e72142674041f8f6af4c808a4045ca1d6ac82","30101","mainnet"
"Ethereum Mainnet","1","PancakeSwap","CAKE","PancakeSwap","OFT","0x152649ea73beab28c5b49b26eb48f7ead6d4c898","0x152649ea73beab28c5b49b26eb48f7ead6d4c898","30101","mainnet"
"Ethereum Mainnet","1","TAC","cbBTC","TAC","OFTAdapter","0x59ea2825d8ad7d60cc6aa77ffbdd0e89c0fbf539","0x59ea2825d8ad7d60cc6aa77ffbdd0e89c0fbf539","30101","mainnet"
"Ethereum Mainnet","1","Cere Network","CERE","Cere Network","OFTAdapter","0x721c5cb57f5db41ffa8b276cae5ed9d58e7fa1c2","0x721c5cb57f5db41ffa8b276cae5ed9d58e7fa1c2","30101","mainnet"
"Ethereum Mainnet","1","Chill House","CHILLHOUSE","Chill House","OFT","0xcc72a24452cdae7889c90f654db47f66b646931d","0xcc72a24452cdae7889c90f654db47f66b646931d","30101","mainnet"
"Ethereum Mainnet","1","mETH Protocol","cmETH","mETH Protocol","OFTAdapter","0x4afa9620d0b79137383a7a9ab3477837d475e948","0x4afa9620d0b79137383a7a9ab3477837d475e948","30101","mainnet"
"Ethereum Mainnet","1","Spatial Computing","CMPT","Spatial Computing","OFTAdapter","0x1883af6b51fb7f69577880004a82c9d68582022c","0x1883af6b51fb7f69577880004a82c9d68582022c","30101","mainnet"
"Ethereum Mainnet","1","mETH Protocol","COOK","mETH Protocol","OFTAdapter","0xc14459931cf666dccad582d63288aefb9f0bdca9","0xc14459931cf666dccad582d63288aefb9f0bdca9","30101","mainnet"
"Ethereum Mainnet","1","Coq Inu","COQ","Coq Inu","OFT","0x420fca0121dc28039145009570975747295f2329","0x420fca0121dc28039145009570975747295f2329","30101","mainnet"
"Ethereum Mainnet","1","Corn","CORN","Corn","OFT","0x44f49ff0da2498bcb1d3dc7c0f999578f67fd8c6","0x44f49ff0da2498bcb1d3dc7c0f999578f67fd8c6","30101","mainnet"
"Ethereum Mainnet","1","Curve Finance","CRV","Curve Finance","OFTAdapter","0xc7ae4ab742f6b0b203f6710c87677005bc45ad01","0xc7ae4ab742f6b0b203f6710c87677005bc45ad01","30101","mainnet"
"Ethereum Mainnet","1","Curve Finance","crvUSD","Curve Finance","OFTAdapter","0xaa798bf5ec09b6e3bc059ea4d36d4ca53e063ef7","0xaa798bf5ec09b6e3bc059ea4d36d4ca53e063ef7","30101","mainnet"
"Ethereum Mainnet","1","Cryptocurrency Coin","CRYPTO","Cryptocurrency Coin","OFT","0x78d11e37e890af4589fc9d0f6f884fd165c5aa0a","0x78d11e37e890af4589fc9d0f6f884fd165c5aa0a","30101","mainnet"
"Ethereum Mainnet","1","CV AGENTLAUNCHER Token","CVAI","CV AGENTLAUNCHER Token","OFT","0x6b34d1c35689dba179c2eddf6a01530bbb1d28a8","0x6b34d1c35689dba179c2eddf6a01530bbb1d28a8","30101","mainnet"
"Ethereum Mainnet","1","Cyber","CYBER","Cyber","OFTAdapter","0xcb07992de144bdee56fdb66fff2454b43243b052","0xcb07992de144bdee56fdb66fff2454b43243b052","30101","mainnet"
"Ethereum Mainnet","1","Cybro","CYBRO","Cybro","OFT","0xd58826d2c0babf1a60d8b508160b52e9c19aff07","0xd58826d2c0babf1a60d8b508160b52e9c19aff07","30101","mainnet"
"Ethereum Mainnet","1","Cycle Network","CYC","Cycle Network","OFT","0x5845684b49aef79a5c0f887f50401c247dca7ac6","0x5845684b49aef79a5c0f887f50401c247dca7ac6","30101","mainnet"
"Ethereum Mainnet","1","LayerZero","DAI","LayerZero","OFTAdapter","0x91a40c733c97a6e1bf876eaf9ed8c08102eb491f","0x91a40c733c97a6e1bf876eaf9ed8c08102eb491f","30101","mainnet"
"Ethereum Mainnet","1","Reservoir","DAM","Reservoir","OFTAdapter","0x40a341b76a766c56f54985285987dfe52fea237a","0x40a341b76a766c56f54985285987dfe52fea237a","30101","mainnet"
"Ethereum Mainnet","1","Degen","DEGEN","Degen","OFT","0xfee293840d23b0b2de8c55e1cf7a9f01c157767c","0xfee293840d23b0b2de8c55e1cf7a9f01c157767c","30101","mainnet"
"Ethereum Mainnet","1","Dinero","DINERO","Dinero","OFTAdapter","0x09d9420332bff75522a45fcff4855f82a0a3ff50","0x09d9420332bff75522a45fcff4855f82a0a3ff50","30101","mainnet"
"Ethereum Mainnet","1","DMAIL","DMAIL","DMAIL","OFT","0xcc6f1e1b87cfcbe9221808d2d85c501aab0b5192","0xcc6f1e1b87cfcbe9221808d2d85c501aab0b5192","30101","mainnet"
"Ethereum Mainnet","1","Sanko Game Corp","DMT","Sanko Game Corp","OFT","0x0b7f0e51cd1739d6c96982d55ad8fa634dd43a9c","0x0b7f0e51cd1739d6c96982d55ad8fa634dd43a9c","30101","mainnet"
"Ethereum Mainnet","1","DogLibre","DOGL","DogLibre","OFTAdapter","0xa80f36ba18c7f721f3f7acdbcdefd3a86869a036","0xa80f36ba18c7f721f3f7acdbcdefd3a86869a036","30101","mainnet"
"Ethereum Mainnet","1","Aethir","eATH","Aethir","OFT","0x68ff002b30360d3c613c2d6bc7e8c3e1f94883b9","0x68ff002b30360d3c613c2d6bc7e8c3e1f94883b9","30101","mainnet"
"Ethereum Mainnet","1","EDU Chain","EDU","EDU Chain","OFT","0xf8173a39c56a554837c4c7f104153a005d284d11","0xf8173a39c56a554837c4c7f104153a005d284d11","30101","mainnet"
"Ethereum Mainnet","1","Ethena","ENA","Ethena","OFTAdapter","0x58538e6a46e07434d7e7375bc268d3cb839c0133","0x58538e6a46e07434d7e7375bc268d3cb839c0133","30101","mainnet"
"Ethereum Mainnet","1","Equilibria Finance","EQB","Equilibria Finance","OFTAdapter","0x0a50aff1977baa6b74fa74c3602b6b4556907ad9","0x0a50aff1977baa6b74fa74c3602b6b4556907ad9","30101","mainnet"
"Ethereum Mainnet","1","ETH","ETH","Stargate","StargatePool","0x77b2043768d28E9C9aB44E1aBfC95944bcE57931","0x0000000000000000000000000000000000000000","30101","mainnet"
"Ethereum Mainnet","1","Stader Labs","ETHx","Stader Labs","OFTAdapter","0x39d0ce7d1509a4f22619d0f666978fbe820665e9","0x39d0ce7d1509a4f22619d0f666978fbe820665e9","30101","mainnet"
"Ethereum Mainnet","1","Euler","EUL","Euler","OFTAdapter","0x4d7e09f73843bd4735aaf7a74b6d877bac75a531","0x4d7e09f73843bd4735aaf7a74b6d877bac75a531","30101","mainnet"
"Ethereum Mainnet","1","EURC","EURC","Stargate","StargatePool","0x783129E4d7bA0Af0C896c239E57C06DF379aAE8c","0x1aBaEA1f7C830bD89Acc67eC4af516284b1bC33c","30101","mainnet"
"Ethereum Mainnet","1","SynFutures","F","SynFutures","OFTAdapter","0xc9ccbd76c2353e593cc975f13295e8289d04d3bb","0xc9ccbd76c2353e593cc975f13295e8289d04d3bb","30101","mainnet"
"Ethereum Mainnet","1","Defactor","FACTR","Defactor","OFTAdapter","0xddb9a194722e8940f25adb87e343a100241ff8f6","0xddb9a194722e8940f25adb87e343a100241ff8f6","30101","mainnet"
"Ethereum Mainnet","1","FARCANA","FAR","FARCANA","OFT","0xf9fa60ef4f23f00cce403cc4d2c11baf4880a0d6","0xf9fa60ef4f23f00cce403cc4d2c11baf4880a0d6","30101","mainnet"
"Ethereum Mainnet","1","Ignition (FBTC)","FBTC","Ignition (FBTC)","OFTAdapter","0x0b835f07a2a54c0e80c1f585e5b6dd732816da3f","0x0b835f07a2a54c0e80c1f585e5b6dd732816da3f","30101","mainnet"
"Ethereum Mainnet","1","Sunflower Land","FLOWER","Sunflower Land","OFTAdapter","0x8f57f33e587004ce3caef213935e82e490fca460","0x8f57f33e587004ce3caef213935e82e490fca460","30101","mainnet"
"Ethereum Mainnet","1","Fluid","FLUID","Fluid","OFTAdapter","0x53028b435a62fda4fd6a199193922be9f6b8a9b7","0x53028b435a62fda4fd6a199193922be9f6b8a9b7","30101","mainnet"
"Ethereum Mainnet","1","Frax Finance","FPI","Frax Finance","OFTAdapter","0xe41228a455700caf09e551805a8ab37caa39d08c","0xe41228a455700caf09e551805a8ab37caa39d08c","30101","mainnet"
"Ethereum Mainnet","1","Frax Finance","FRAX","Frax Finance","OFTAdapter","0x909dbde1ebe906af95660033e478d59efe831fed","0x909dbde1ebe906af95660033e478d59efe831fed","30101","mainnet"
"Ethereum Mainnet","1","Frax Finance","frxETH","Frax Finance","OFTAdapter","0xf010a7c8877043681d59ad125ebf575633505942","0xf010a7c8877043681d59ad125ebf575633505942","30101","mainnet"
"Ethereum Mainnet","1","Fautor","FTR","Fautor","OFTAdapter","0xbcc9a0c41fc42d55270fe45d45e6af9cc31f71ff","0xbcc9a0c41fc42d55270fe45d45e6af9cc31f71ff","30101","mainnet"
"Ethereum Mainnet","1","Frax Finance","FXS","Frax Finance","OFTAdapter","0xc6f59a4fd50cac677b51558489e03138ac1784ec","0xc6f59a4fd50cac677b51558489e03138ac1784ec","30101","mainnet"
"Ethereum Mainnet","1","Frax Finance","FXS (old)","Frax Finance","OFTAdapter","0x23432452b720c80553458496d4d9d7c5003280d0","0x23432452b720c80553458496d4d9d7c5003280d0","30101","mainnet"
"Ethereum Mainnet","1","Fyde","FYDE","Fyde","OFTAdapter","0x72527fec7d84764c405f28bd7e00e2693bbcb519","0x72527fec7d84764c405f28bd7e00e2693bbcb519","30101","mainnet"
"Ethereum Mainnet","1","GameBuild","GAME","GameBuild","OFTAdapter","0xb1f0cc7a1bfe763534a67f77562fde688a35fb30","0xb1f0cc7a1bfe763534a67f77562fde688a35fb30","30101","mainnet"
"Ethereum Mainnet","1","Giza","GIZA","Giza","OFTAdapter","0x0b0e004b88a9c37453ad75c450f1147e9dec97c3","0x0b0e004b88a9c37453ad75c450f1147e9dec97c3","30101","mainnet"
"Ethereum Mainnet","1","GAMEE","GMEE","GAMEE","OFTAdapter","0x66bd9b4a80a603a2bba8962bc210fe15a286426a","0x66bd9b4a80a603a2bba8962bc210fe15a286426a","30101","mainnet"
"Ethereum Mainnet","1","GonnaMakeIt","GMI","GonnaMakeIt","OFTAdapter","0xc827828ad46f01f85aa1fa6c6bdcb83dde06e271","0xc827828ad46f01f85aa1fa6c6bdcb83dde06e271","30101","mainnet"
"Ethereum Mainnet","1","InfiniGods","GOD","InfiniGods","OFT","0xb5130f4767ab0acc579f25a76e8f9e977cb3f948","0xb5130f4767ab0acc579f25a76e8f9e977cb3f948","30101","mainnet"
"Ethereum Mainnet","1","Goldenboys","GOLD","Goldenboys","OFT","0x9deb0fc809955b79c85e82918e8586d3b7d2695a","0x9deb0fc809955b79c85e82918e8586d3b7d2695a","30101","mainnet"
"Ethereum Mainnet","1","GammaSwap","GS","GammaSwap","OFT","0x64d3cae387405d91f7b0d91fb1d824a281719500","0x64d3cae387405d91f7b0d91fb1d824a281719500","30101","mainnet"
"Ethereum Mainnet","1","Blockchainspace","GUILD","Blockchainspace","OFTAdapter","0x7bab349ba33d37ce6b56c117a9d0214e67806336","0x7bab349ba33d37ce6b56c117a9d0214e67806336","30101","mainnet"
"Ethereum Mainnet","1","Hacken","HAI","Hacken","OFT","0x6403af1267cacc0714c1bd916b12f80e179c0558","0x6403af1267cacc0714c1bd916b12f80e179c0558","30101","mainnet"
"Ethereum Mainnet","1","Hard Protocol","HARD","Hard Protocol","OFT","0x63fe3eb27e98da740ee24ab5cc1a17ebd20fec1c","0x63fe3eb27e98da740ee24ab5cc1a17ebd20fec1c","30101","mainnet"
"Ethereum Mainnet","1","Hera Finance","HERA","Hera Finance","OFT","0xa2c2c937333165d4c5f2dc5f31a43e1239fecfeb","0xa2c2c937333165d4c5f2dc5f31a43e1239fecfeb","30101","mainnet"
"Ethereum Mainnet","1","HOLO","HOT","HOLO","OFTAdapter","0xc36c89fa76336180ffbdd6847378cce418da4cf6","0xc36c89fa76336180ffbdd6847378cce418da4cf6","30101","mainnet"
"Ethereum Mainnet","1","INFINIT","IN","INFINIT","OFT","0x61fac5f038515572d6f42d4bcb6b581642753d50","0x61fac5f038515572d6f42d4bcb6b581642753d50","30101","mainnet"
"Ethereum Mainnet","1","Inspect","INSP","Inspect","OFTAdapter","0x8d279274789ccec8af94a430a5996eaace9609a9","0x8d279274789ccec8af94a430a5996eaace9609a9","30101","mainnet"
"Ethereum Mainnet","1","Rebase GG","IRL","Rebase GG","OFTAdapter","0x02b88b31492c19d9e3145934cdb63a8a9b5b4b10","0x02b88b31492c19d9e3145934cdb63a8a9b5b4b10","30101","mainnet"
"Ethereum Mainnet","1","ISLAND","ISLAND","ISLAND","OFT","0x157a6df6b74f4e5e45af4e4615fde7b49225a662","0x157a6df6b74f4e5e45af4e4615fde7b49225a662","30101","mainnet"
"Ethereum Mainnet","1","Interport Finance","ITP","Interport Finance","OFTAdapter","0x8cfa44e930b7743123738eb2d7e78beaa964732e","0x8cfa44e930b7743123738eb2d7e78beaa964732e","30101","mainnet"
"Ethereum Mainnet","1","Sidekick","K","Sidekick","OFTAdapter","0x7a8c9efc8c04989f5d3f24db8124308ce0b51bec","0x7a8c9efc8c04989f5d3f24db8124308ce0b51bec","30101","mainnet"
"Ethereum Mainnet","1","KernelDAO","KERNEL","KernelDAO","OFTAdapter","0x2a1d74de3027cce18d31011518c571130a4cd513","0x2a1d74de3027cce18d31011518c571130a4cd513","30101","mainnet"
"Ethereum Mainnet","1","KiloEx","KILO","KiloEx","OFTAdapter","0xd100f83d565f03c9e74f454a683201fc1a882d08","0xd100f83d565f03c9e74f454a683201fc1a882d08","30101","mainnet"
"Ethereum Mainnet","1","Kim Exchange","KIM","Kim Exchange","OFT","0x285c48f6beb6b7476bc05b2b8cf3fab93578e466","0x285c48f6beb6b7476bc05b2b8cf3fab93578e466","30101","mainnet"
"Ethereum Mainnet","1","Kolz Chat","KOLZ","Kolz Chat","OFT","0x288741b45ad4042f7b124e38b53cec5e9cca0376","0x288741b45ad4042f7b124e38b53cec5e9cca0376","30101","mainnet"
"Ethereum Mainnet","1","Lagrange","LA","Lagrange","OFT","0x0fc2a55d5bd13033f1ee0cdd11f60f7efe66f467","0x0fc2a55d5bd13033f1ee0cdd11f60f7efe66f467","30101","mainnet"
"Ethereum Mainnet","1","Lombard Staked Bitcoin","LBTC","Lombard Staked Bitcoin","OFTAdapter","0x3a7647c1323144a16e7d0d71a581e3fe5bd95299","0x3a7647c1323144a16e7d0d71a581e3fe5bd95299","30101","mainnet"
"Ethereum Mainnet","1","Lombard Staked Bitcoin","LBTC","Lombard Staked Bitcoin","OFTAdapter","0xa7c4d94f98b6e94c139c4645e4e9a94cd7c0abf7","0xa7c4d94f98b6e94c139c4645e4e9a94cd7c0abf7","30101","mainnet"
"Ethereum Mainnet","1","Lombard","LBTC","Lombard","OFTAdapter","0x1290a6b480f7ef14925229fdb66f5680ad8f44ad","0x1290a6b480f7ef14925229fdb66f5680ad8f44ad","30101","mainnet"
"Ethereum Mainnet","1","Lombard","LBTC","Lombard","OFTAdapter","0xacb11bc20b1945e59976e3307d2a805faa126c31","0xacb11bc20b1945e59976e3307d2a805faa126c31","30101","mainnet"
"Ethereum Mainnet","1","Lif3","LIF3","Lif3","OFTAdapter","0xc31813c38b32c0f826c2dbf3360d5899740c9669","0xc31813c38b32c0f826c2dbf3360d5899740c9669","30101","mainnet"
"Ethereum Mainnet","1","Lily's Coin","LILY","Lily's Coin","OFTAdapter","0xb257f39ed1a8e195ff2cf69d477d53535e38160d","0xb257f39ed1a8e195ff2cf69d477d53535e38160d","30101","mainnet"
"Ethereum Mainnet","1","HyBridge","LINK","HyBridge","OFTAdapter","0x8b3157e78f4ea5ad124e16f8c9df5fa27a7b0b33","0x8b3157e78f4ea5ad124e16f8c9df5fa27a7b0b33","30101","mainnet"
"Ethereum Mainnet","1","LightLink","LL","LightLink","OFTAdapter","0xa14a10000bd3c2c3be3a6a1d151bfce1359dc4a6","0xa14a10000bd3c2c3be3a6a1d151bfce1359dc4a6","30101","mainnet"
"Ethereum Mainnet","1","Lif3","LSHARE","Lif3","OFTAdapter","0xfcc421b4f8372d84124ea16a6146bc1c08d4c69d","0xfcc421b4f8372d84124ea16a6146bc1c08d4c69d","30101","mainnet"
"Ethereum Mainnet","1","Level","lvlUSD","Level","OFTAdapter","0x2f12d09333a6be8cc7c2d3e11a83def02cf0cbfa","0x2f12d09333a6be8cc7c2d3e11a83def02cf0cbfa","30101","mainnet"
"Ethereum Mainnet","1","Lympo","LYM","Lympo","OFTAdapter","0x2dc2650ce5a4cc275403163f4a7681d7ec8ae8f0","0x2dc2650ce5a4cc275403163f4a7681d7ec8ae8f0","30101","mainnet"
"Ethereum Mainnet","1","Merlin","M-BTC","Merlin","OFTAdapter","0xa5dbd35bcd259f6a058b474d74b11432fdd591e3","0xa5dbd35bcd259f6a058b474d74b11432fdd591e3","30101","mainnet"
"Ethereum Mainnet","1","MAHA","MAHA","MAHA","OFTAdapter","0x3a7b708e71ff72506afa674ea14881e39ce9fde2","0x3a7b708e71ff72506afa674ea14881e39ce9fde2","30101","mainnet"
"Ethereum Mainnet","1","Manta Network","Manta mBTC","Manta Network","OFT","0x4041381e947cfd3d483d67a25c6aa9dc924250c5","0x4041381e947cfd3d483d67a25c6aa9dc924250c5","30101","mainnet"
"Ethereum Mainnet","1","Manta Network","Manta mETH","Manta Network","OFT","0x8cdf550c04bc9b9f10938368349c9c8051a772b6","0x8cdf550c04bc9b9f10938368349c9c8051a772b6","30101","mainnet"
"Ethereum Mainnet","1","Maverick Protocol","MAV","Maverick Protocol","OFT","0x7448c7456a97769f6cd04f1e83a4a23ccdc46abd","0x7448c7456a97769f6cd04f1e83a4a23ccdc46abd","30101","mainnet"
"Ethereum Mainnet","1","Mavia","MAVIA","Mavia","OFTAdapter","0xe6c2b672b3eb64a1f460adcd9676a3b6c67abd4d","0xe6c2b672b3eb64a1f460adcd9676a3b6c67abd4d","30101","mainnet"
"Ethereum Mainnet","1","MetalCore","MCG","MetalCore","OFTAdapter","0x3be3f3efc077f8dd519b052fba78515470bc4567","0x3be3f3efc077f8dd519b052fba78515470bc4567","30101","mainnet"
"Ethereum Mainnet","1","Market Dominance","MD","Market Dominance","OFT","0x0a9e3dde12e4519c9d89df69bd738490c9466bf4","0x0a9e3dde12e4519c9d89df69bd738490c9466bf4","30101","mainnet"
"Ethereum Mainnet","1","mETH","mETH","Stargate","StargatePool","0x268Ca24DAefF1FaC2ed883c598200CcbB79E931D","0xd5F7838F5C461fefF7FE49ea5ebaF7728bB0ADfa","30101","mainnet"
"Ethereum Mainnet","1","Metis","Metis","Stargate","StargatePool","0xcDafB1b2dB43f366E48e6F614b8DCCBFeeFEEcD3","0x9E32b13ce7f2E80A01932B42553652E053D6ed8e","30101","mainnet"
"Ethereum Mainnet","1","Abracadabra Money","MIM","Abracadabra Money","OFTAdapter","0x439a5f0f5e8d149dda9a0ca367d4a8e4d6f83c10","0x439a5f0f5e8d149dda9a0ca367d4a8e4d6f83c10","30101","mainnet"
"Ethereum Mainnet","1","Prisma Finance","mkUSD","Prisma Finance","OFT","0x4591dbff62656e7859afe5e45f6f47d3669fbb28","0x4591dbff62656e7859afe5e45f6f47d3669fbb28","30101","mainnet"
"Ethereum Mainnet","1","Moca Network","MOCA","Moca Network","OFTAdapter","0x2b11834ed1feaed4b4b3a86a6f571315e25a884d","0x2b11834ed1feaed4b4b3a86a6f571315e25a884d","30101","mainnet"
"Ethereum Mainnet","1","Mode Network","MODE","Mode Network","OFT","0x084382d1cc4f4dfd1769b1cc1ac2a9b1f8365e90","0x084382d1cc4f4dfd1769b1cc1ac2a9b1f8365e90","30101","mainnet"
"Ethereum Mainnet","1","MyOFT2","MOFT2","MyOFT2","OFT","0x32af9ed768b48745a8e805fbce5616d0bd9868cf","0x32af9ed768b48745a8e805fbce5616d0bd9868cf","30101","mainnet"
"Ethereum Mainnet","1","Mon Protocol","MON","Mon Protocol","OFTAdapter","0x3c4a6a026b6545d06ca1bc1111ef900942f826a9","0x3c4a6a026b6545d06ca1bc1111ef900942f826a9","30101","mainnet"
"Ethereum Mainnet","1","Morpheus","MOR","Morpheus","OFT","0xcbb8f1bda10b9696c57e13bc128fe674769dcec0","0xcbb8f1bda10b9696c57e13bc128fe674769dcec0","30101","mainnet"
"Ethereum Mainnet","1","Morpho","MORPHO","Morpho","OFTAdapter","0x50d3d6fd7518682155e3c1b65fdd50e1b35649d9","0x50d3d6fd7518682155e3c1b65fdd50e1b35649d9","30101","mainnet"
"Ethereum Mainnet","1","Metronome","msETH","Metronome","OFTAdapter","0x5c574153b195ae284c063a84fb9c73d9fd37955f","0x5c574153b195ae284c063a84fb9c73d9fd37955f","30101","mainnet"
"Ethereum Mainnet","1","Metronome","msUSD","Metronome","OFTAdapter","0xf37982e3f33ac007c690ed6266f3402d24aa27ea","0xf37982e3f33ac007c690ed6266f3402d24aa27ea","30101","mainnet"
"Ethereum Mainnet","1","Manta Network","mUSD","Manta Network","OFT","0x3f24e1d7a973867fc2a03fe199e5502514e0e11e","0x3f24e1d7a973867fc2a03fe199e5502514e0e11e","30101","mainnet"
"Ethereum Mainnet","1","Neural","NEURAL","Neural","OFTAdapter","0xbe388e410136116f7a7c7cedd5b4822547419541","0xbe388e410136116f7a7c7cedd5b4822547419541","30101","mainnet"
"Ethereum Mainnet","1","OPENLOOT","OL","OPENLOOT","OFTAdapter","0x3f160760535eb715d5809a26cf55408a2d9844c1","0x3f160760535eb715d5809a26cf55408a2d9844c1","30101","mainnet"
"Ethereum Mainnet","1","OpenLeverage","OLE","OpenLeverage","OFT","0x1b6e9c73bee68102d9dd4a2627f97bff4183ab0a","0x1b6e9c73bee68102d9dd4a2627f97bff4183ab0a","30101","mainnet"
"Ethereum Mainnet","1","OmniCat","OMNI","OmniCat","OFTAdapter","0xa0aa943666b4309c1989e3a7ebe7dbe11de36212","0xa0aa943666b4309c1989e3a7ebe7dbe11de36212","30101","mainnet"
"Ethereum Mainnet","1","OORT","OORT","OORT","OFTAdapter","0xbd26aa1903b29101b48a27f2cb8a2889fbbef223","0xbd26aa1903b29101b48a27f2cb8a2889fbbef223","30101","mainnet"
"Ethereum Mainnet","1","ORA Protocol","ORA","ORA Protocol","OFTAdapter","0x5e1f75388dc768f6129b9ee859bfb1361631a77e","0x5e1f75388dc768f6129b9ee859bfb1361631a77e","30101","mainnet"
"Ethereum Mainnet","1","Orderly Network","ORDER","Orderly Network","OFTAdapter","0x17435cc940e03aa52c349738c72c7aa44ffa6525","0x17435cc940e03aa52c349738c72c7aa44ffa6525","30101","mainnet"
"Ethereum Mainnet","1","Osaka Protocol","OSAK","Osaka Protocol","OFTAdapter","0x58ff71c056942600bc4acf8bdf48f82e6ad1f392","0x58ff71c056942600bc4acf8bdf48f82e6ad1f392","30101","mainnet"
"Ethereum Mainnet","1","Over the Reality","OVR","Over the Reality","OFTAdapter","0x2699e194dfdb0d560928d6a41ed229ee0ac0b0cf","0x2699e194dfdb0d560928d6a41ed229ee0ac0b0cf","30101","mainnet"
"Ethereum Mainnet","1","OX.Fun","OX","OX.Fun","OFTAdapter","0x227dcc37d9a071d1a2adb7edc40b7ec38a2097b3","0x227dcc37d9a071d1a2adb7edc40b7ec38a2097b3","30101","mainnet"
"Ethereum Mainnet","1","Open Exchange","OX.old","Open Exchange","OFTAdapter","0xcd5f17b1fe981ba260c40c67e740b7290b50ea50","0xcd5f17b1fe981ba260c40c67e740b7290b50ea50","30101","mainnet"
"Ethereum Mainnet","1","THE P33L","P33L","THE P33L","OFT","0x7528bd0f620d1568c307cc8d5db481a29e8d4e37","0x7528bd0f620d1568c307cc8d5db481a29e8d4e37","30101","mainnet"
"Ethereum Mainnet","1","Paladin","PAL","Paladin","OFTAdapter","0x7d01da772ac7f9daaccde81c0d1a27fd419c65b2","0x7d01da772ac7f9daaccde81c0d1a27fd419c65b2","30101","mainnet"
"Ethereum Mainnet","1","Plume","PayUSD","Plume","OFTAdapter","0xe9e8330a71912f03e54e7d93795acd9a56f070aa","0xe9e8330a71912f03e54e7d93795acd9a56f070aa","30101","mainnet"
"Ethereum Mainnet","1","PolkaBridge","PBR","PolkaBridge","OFTAdapter","0x5cc16c5bd87d68ad459e895e886cd851cc5709ff","0x5cc16c5bd87d68ad459e895e886cd851cc5709ff","30101","mainnet"
"Ethereum Mainnet","1","Pichi Finance","PCH","Pichi Finance","OFT","0xbe5acfd64358805616b5cbd5277b9a85011d7cf1","0xbe5acfd64358805616b5cbd5277b9a85011d7cf1","30101","mainnet"
"Ethereum Mainnet","1","Peaq","PEAQ","Peaq","OFT","0x1eef208926667594e5136e89d0e9dd6907959197","0x1eef208926667594e5136e89d0e9dd6907959197","30101","mainnet"
"Ethereum Mainnet","1","Pendle","PENDLE","Pendle","OFTAdapter","0xd7e67c97cc48253b28737ec3981b0a7ad6d7e0e4","0xd7e67c97cc48253b28737ec3981b0a7ad6d7e0e4","30101","mainnet"
"Ethereum Mainnet","1","Pudgy Penguins","PENGU","Pudgy Penguins","OFT","0x6418c0dd099a9fda397c766304cdd918233e8847","0x6418c0dd099a9fda397c766304cdd918233e8847","30101","mainnet"
"Ethereum Mainnet","1","PEPE","PEPE","PEPE","OFTAdapter","0x25d887ce7a35172c62febfd67a1856f20faebb00","0x25d887ce7a35172c62febfd67a1856f20faebb00","30101","mainnet"
"Ethereum Mainnet","1","Perion Credits","PERC","Perion Credits","OFTAdapter","0xf598797d9c160aef2a14712c20b7731cbe5861da","0xf598797d9c160aef2a14712c20b7731cbe5861da","30101","mainnet"
"Ethereum Mainnet","1","PIPO","PIPO","PIPO","OFTAdapter","0xf11743e4b037543dfd6c277124b24f8f162ac57f","0xf11743e4b037543dfd6c277124b24f8f162ac57f","30101","mainnet"
"Ethereum Mainnet","1","Plume","PLUME","Plume","OFTAdapter","0xbda8a2285f4c3e75b37e467c4db9bc633ffbd29d","0xbda8a2285f4c3e75b37e467c4db9bc633ffbd29d","30101","mainnet"
"Ethereum Mainnet","1","Primex Finance","PMX","Primex Finance","OFTAdapter","0x1c3f687a5fe3b52178455378c893e317711388f6","0x1c3f687a5fe3b52178455378c893e317711388f6","30101","mainnet"
"Ethereum Mainnet","1","PrimeFi","PRFI","PrimeFi","OFT","0x7bbcf1b600565ae023a1806ef637af4739de3255","0x7bbcf1b600565ae023a1806ef637af4739de3255","30101","mainnet"
"Ethereum Mainnet","1","Wayfinder","PROMPT","Wayfinder","OFT","0x28d38df637db75533bd3f71426f3410a82041544","0x28d38df637db75533bd3f71426f3410a82041544","30101","mainnet"
"Ethereum Mainnet","1","Prosper","PROS","Prosper","OFT","0x915424ac489433130d92b04096f3b96c82e92a9d","0x915424ac489433130d92b04096f3b96c82e92a9d","30101","mainnet"
"Ethereum Mainnet","1","Succinct","PROVE","Succinct","OFTAdapter","0x32c5d5099a684a781864a2cdc53db2f8a6b1dca0","0x32c5d5099a684a781864a2cdc53db2f8a6b1dca0","30101","mainnet"
"Ethereum Mainnet","1","Puffer","pufETH","Puffer","OFTAdapter","0xa4931a9f9aaf79057334371d6f62164743f97b18","0xa4931a9f9aaf79057334371d6f62164743f97b18","30101","mainnet"
"Ethereum Mainnet","1","Puff The Dragon","Puff","Puff The Dragon","OFT","0x31b6100f5f4466e6daeb1edb2f2ce6e548cf8938","0x31b6100f5f4466e6daeb1edb2f2ce6e548cf8938","30101","mainnet"
"Ethereum Mainnet","1","Puffer","PUFFER","Puffer","OFTAdapter","0x3ea9bb9fcdcc1c37cb09175aecdb488a97edd83f","0x3ea9bb9fcdcc1c37cb09175aecdb488a97edd83f","30101","mainnet"
"Ethereum Mainnet","1","PumpBTC","pumpBTC.bera","PumpBTC","OFT","0xadc9c900b05f39f48bb6f402a1bae60929f4f9a8","0xadc9c900b05f39f48bb6f402a1bae60929f4f9a8","30101","mainnet"
"Ethereum Mainnet","1","Redacted Finance","pxETH","Redacted Finance","OFTAdapter","0x1cd5b73d12cb23b2835c873e4faffe83bbcef208","0x1cd5b73d12cb23b2835c873e4faffe83bbcef208","30101","mainnet"
"Ethereum Mainnet","1","PayPal","PYUSD","PayPal","OFTAdapter","0xa2c323fe5a74adffad2bf3e007e36bb029606444","0xa2c323fe5a74adffad2bf3e007e36bb029606444","30101","mainnet"
"Ethereum Mainnet","1","Flow","PYUSD","Flow","OFTAdapter","0xfa0e06b54986ad96de87a8c56fea76fbd8d493f8","0xfa0e06b54986ad96de87a8c56fea76fbd8d493f8","30101","mainnet"
"Ethereum Mainnet","1","Qi Dao","QI","Qi Dao","OFTAdapter","0xd3fdcb837dafdb7c9c3ebd48fe22a53f6dd3d7d7","0xd3fdcb837dafdb7c9c3ebd48fe22a53f6dd3d7d7","30101","mainnet"
"Ethereum Mainnet","1","DappRadar","RADAR","DappRadar","OFTAdapter","0x1713bd4cd1b8f0342c48fbd68658605346386324","0x1713bd4cd1b8f0342c48fbd68658605346386324","30101","mainnet"
"Ethereum Mainnet","1","Precipitate Protocol","RAIN","Precipitate Protocol","OFTAdapter","0x1f1aa4d239002bb818536c95e9b762a1fc8484c1","0x1f1aa4d239002bb818536c95e9b762a1fc8484c1","30101","mainnet"
"Ethereum Mainnet","1","Rootstock","RBTC","Rootstock","OFT","0x1e44f98cc78d505a61f63b26d13b116cf51dbb87","0x1e44f98cc78d505a61f63b26d13b116cf51dbb87","30101","mainnet"
"Ethereum Mainnet","1","Radiant Capital","RDNT","Radiant Capital","OFT","0x137ddb47ee24eaa998a535ab00378d6bfa84f893","0x137ddb47ee24eaa998a535ab00378d6bfa84f893","30101","mainnet"
"Ethereum Mainnet","1","Rekt","REKT","Rekt","OFTAdapter","0x7130e2563974219f3dd152575c7468d7c2ad0d96","0x7130e2563974219f3dd152575c7468d7c2ad0d96","30101","mainnet"
"Ethereum Mainnet","1","Resolv","RESOLV","Resolv","OFTAdapter","0x1fc1bc7ef87ace92a3f2eed44581111eb1ffdeaf","0x1fc1bc7ef87ace92a3f2eed44581111eb1ffdeaf","30101","mainnet"
"Ethereum Mainnet","1","Reunit Wallet","REUNI","Reunit Wallet","OFT","0x9ed7e4b1bff939ad473da5e7a218c771d1569456","0x9ed7e4b1bff939ad473da5e7a218c771d1569456","30101","mainnet"
"Ethereum Mainnet","1","Motorverse","REVV","Motorverse","OFTAdapter","0x87964551caf340e17b7b00dfc1db2f6b67b4d5b1","0x87964551caf340e17b7b00dfc1db2f6b67b4d5b1","30101","mainnet"
"Ethereum Mainnet","1","Rootstock","RIF","Rootstock","OFT","0x01b603be3d545f096015741e6503440282bf45fb","0x01b603be3d545f096015741e6503440282bf45fb","30101","mainnet"
"Ethereum Mainnet","1","iEx.ec Network Token","RLC","iEx.ec Network Token","OFTAdapter","0xa8bc0b19b955c8ac38c8cbc9383866b834cd33d8","0xa8bc0b19b955c8ac38c8cbc9383866b834cd33d8","30101","mainnet"
"Ethereum Mainnet","1","Resolv Labs","RLP","Resolv Labs","OFTAdapter","0x234c908e749961d0329a0ed5916d55a99d1ad06c","0x234c908e749961d0329a0ed5916d55a99d1ad06c","30101","mainnet"
"Ethereum Mainnet","1","Kelp DAO","rsETH","Kelp DAO","OFTAdapter","0x85d456b2dff1fd8245387c0bfb64dfb700e98ef3","0x85d456b2dff1fd8245387c0bfb64dfb700e98ef3","30101","mainnet"
"Ethereum Mainnet","1","Swell Network","rswETH","Swell Network","OFTAdapter","0x1486d39646cdee84619bd05997319545a8575079","0x1486d39646cdee84619bd05997319545a8575079","30101","mainnet"
"Ethereum Mainnet","1","Reservoir","rUSD","Reservoir","OFTAdapter","0xf0e9f6d9ba5d1b3f76e0f82f9dcdb9ebeef4b4da","0xf0e9f6d9ba5d1b3f76e0f82f9dcdb9ebeef4b4da","30101","mainnet"
"Ethereum Mainnet","1","Relend Network","rUSDC","Relend Network","OFTAdapter","0x9223ee6698ffa0a66cafb0034141d931e393a67e","0x9223ee6698ffa0a66cafb0034141d931e393a67e","30101","mainnet"
"Ethereum Mainnet","1","Rezerve Money","RZR","Rezerve Money","OFT","0xb4444468e444f89e1c2cac2f1d3ee7e336cbd1f5","0xb4444468e444f89e1c2cac2f1d3ee7e336cbd1f5","30101","mainnet"
"Ethereum Mainnet","1","The Sandbox Game","SAND","The Sandbox Game","OFTAdapter","0xac531eb26ca1d21b85126de8fb87e80e09002dcf","0xac531eb26ca1d21b85126de8fb87e80e09002dcf","30101","mainnet"
"Ethereum Mainnet","1","Brale","SBC","Brale","OFTAdapter","0xb9d852a3f9b3a82e243faab0272604102a111e1a","0xb9d852a3f9b3a82e243faab0272604102a111e1a","30101","mainnet"
"Ethereum Mainnet","1","Dinero","sDINERO","Dinero","OFTAdapter","0xc5ecb8c506898bd5eeec63c5f69c7819e37084b8","0xc5ecb8c506898bd5eeec63c5f69c7819e37084b8","30101","mainnet"
"Ethereum Mainnet","1","SEI","SEI","SEI","OFT","0xbdf43ecadc5cef51b7d1772f722e40596bc1788b","0xbdf43ecadc5cef51b7d1772f722e40596bc1788b","30101","mainnet"
"Ethereum Mainnet","1","Frax Finance","sFRAX","Frax Finance","OFTAdapter","0xe4796ccb6bb5de2290c417ac337f2b66ca2e770e","0xe4796ccb6bb5de2290c417ac337f2b66ca2e770e","30101","mainnet"
"Ethereum Mainnet","1","Frax Finance","sfrxETH","Frax Finance","OFTAdapter","0x1f55a02a049033e3419a8e2975cf3f572f4e6e9a","0x1f55a02a049033e3419a8e2975cf3f572f4e6e9a","30101","mainnet"
"Ethereum Mainnet","1","Seedify Fund","SFUND","Seedify Fund","OFT","0x560363bda52bc6a44ca6c8c9b4a5fadbda32fa60","0x560363bda52bc6a44ca6c8c9b4a5fadbda32fa60","30101","mainnet"
"Ethereum Mainnet","1","Myshell","SHELL","Myshell","OFT","0xf2c88757f8d03634671208935974b60a2a28bdb3","0xf2c88757f8d03634671208935974b60a2a28bdb3","30101","mainnet"
"Ethereum Mainnet","1","SHRAPNEL","SHRAP","SHRAPNEL","OFT","0x31e4efe290973ebe91b3a875a7994f650942d28f","0x31e4efe290973ebe91b3a875a7994f650942d28f","30101","mainnet"
"Ethereum Mainnet","1","Skate","SKATE","Skate","OFT","0x61dbbbb552dc893ab3aad09f289f811e67cef285","0x61dbbbb552dc893ab3aad09f289f811e67cef285","30101","mainnet"
"Ethereum Mainnet","1","SatLayer","SLAY","SatLayer","OFTAdapter","0x89da85a27fab76b5acacbeddd21b9b4370f99edb","0x89da85a27fab76b5acacbeddd21b9b4370f99edb","30101","mainnet"
"Ethereum Mainnet","1","Silencio","SLC","Silencio","OFT","0x7fa16ced60019ade15edd0cdb03d689d557b6d1e","0x7fa16ced60019ade15edd0cdb03d689d557b6d1e","30101","mainnet"
"Ethereum Mainnet","1","Level","slvlUSD","Level","OFTAdapter","0x180fcf9c9f5ecb75de90395d54cd7c69b3902fcd","0x180fcf9c9f5ecb75de90395d54cd7c69b3902fcd","30101","mainnet"
"Ethereum Mainnet","1","Sensay","SNSY","Sensay","OFT","0x82a605d6d9114f4ad6d5ee461027477eeed31e34","0x82a605d6d9114f4ad6d5ee461027477eeed31e34","30101","mainnet"
"Ethereum Mainnet","1","Phavercoin","SOCIAL","Phavercoin","OFT","0xd3c68968137317a57a9babeacc7707ec433548b4","0xd3c68968137317a57a9babeacc7707ec433548b4","30101","mainnet"
"Ethereum Mainnet","1","Solv Protocol","SolvBTC","Solv Protocol","OFTAdapter","0xb12979ff302ac903849948037a51792cf7186e8e","0xb12979ff302ac903849948037a51792cf7186e8e","30101","mainnet"
"Ethereum Mainnet","1","Somnia","SOMI","Somnia","OFT","0x1b0f6590d21dc02b92ad3a7d00f8884dc4f1aed9","0x1b0f6590d21dc02b92ad3a7d00f8884dc4f1aed9","30101","mainnet"
"Ethereum Mainnet","1","Upland","SPARKLET","Upland","OFTAdapter","0xc6c856ab43e76b304230a31ecd9ad916b8b6f8e1","0xc6c856ab43e76b304230a31ecd9ad916b8b6f8e1","30101","mainnet"
"Ethereum Mainnet","1","Spark","SPK","Spark","OFTAdapter","0xaff2e841851700d1fc101995ee6b81ae21bb87d7","0xaff2e841851700d1fc101995ee6b81ae21bb87d7","30101","mainnet"
"Ethereum Mainnet","1","Reservoir","srUSD","Reservoir","OFTAdapter","0x316cd39632cac4f4cdfc21757c4500fe12f64514","0x316cd39632cac4f4cdfc21757c4500fe12f64514","30101","mainnet"
"Ethereum Mainnet","1","Lorenzo Protocol","stBTC","Lorenzo Protocol","OFTAdapter","0xbce9988376c6b9c0c035bdbc9060568031d51130","0xbce9988376c6b9c0c035bdbc9060568031d51130","30101","mainnet"
"Ethereum Mainnet","1","Stargate","STG","Stargate","OFT","0xaf5191b0de278c7286d6c7cc6ab6bb8a73ba2cd6","0xaf5191b0de278c7286d6c7cc6ab6bb8a73ba2cd6","30101","mainnet"
"Ethereum Mainnet","1","Nibiru Chain","stNIBI","Nibiru Chain","OFT","0xc56b154d3be72101d7c82122ad41ce00da264467","0xc56b154d3be72101d7c82122ad41ce00da264467","30101","mainnet"
"Ethereum Mainnet","1","Avalon Labs","sUSDa","Avalon Labs","OFT","0x2b66aade1e9c062ff411bd47c44e0ad696d43bd9","0x2b66aade1e9c062ff411bd47c44e0ad696d43bd9","30101","mainnet"
"Ethereum Mainnet","1","Ethena","sUSDe","Ethena","OFTAdapter","0x211cc4dd073734da055fbf44a2b4667d5e5fe5d2","0x211cc4dd073734da055fbf44a2b4667d5e5fe5d2","30101","mainnet"
"Ethereum Mainnet","1","Swell Network","swETH","Swell Network","OFTAdapter","0x5c6392a69dc11f254457716c682f70e4b2ed7b05","0x5c6392a69dc11f254457716c682f70e4b2ed7b05","30101","mainnet"
"Ethereum Mainnet","1","Seedify Fund","SWORLD","Seedify Fund","OFT","0x968be3f7bfef0f8edc3c1ad90232ebb0da0867aa","0x968be3f7bfef0f8edc3c1ad90232ebb0da0867aa","30101","mainnet"
"Ethereum Mainnet","1","Maple Finance","SYRUP","Maple Finance","OFTAdapter","0x688aee022aa544f150678b8e5720b6b96a9e9a2f","0x688aee022aa544f150678b8e5720b6b96a9e9a2f","30101","mainnet"
"Ethereum Mainnet","1","Techimproving","TECH","Techimproving","OFT","0x835f2eb9b3dd2913f59019bfbc7b61a12ef96cd6","0x835f2eb9b3dd2913f59019bfbc7b61a12ef96cd6","30101","mainnet"
"Ethereum Mainnet","1","Tenet","TENET","Tenet","OFT","0x788d86e00ab31db859c3d6b80d5a9375801d7f2a","0x788d86e00ab31db859c3d6b80d5a9375801d7f2a","30101","mainnet"
"Ethereum Mainnet","1","Theo","thBILL","Theo","OFTAdapter","0xfdd22ce6d1f66bc0ec89b20bf16ccb6670f55a5a","0xfdd22ce6d1f66bc0ec89b20bf16ccb6670f55a5a","30101","mainnet"
"Ethereum Mainnet","1","Telos","TLOS","Telos","OFT","0x193f4a4a6ea24102f49b931deeeb931f6e32405d","0x193f4a4a6ea24102f49b931deeeb931f6e32405d","30101","mainnet"
"Ethereum Mainnet","1","Cryptopia","TOS","Cryptopia","OFT","0x68ccaca9adf1552b3316d6067690ec27397c8ea8","0x68ccaca9adf1552b3316d6067690ec27397c8ea8","30101","mainnet"
"Ethereum Mainnet","1","OFFICIAL TRUMP","TRUMP","OFFICIAL TRUMP","OFT","0xf7b4358d2c6b05a1bb98c947a56df64b5d6e6754","0xf7b4358d2c6b05a1bb98c947a56df64b5d6e6754","30101","mainnet"
"Ethereum Mainnet","1","Unbound Finance","UNB","Unbound Finance","OFTAdapter","0xb2e787c6c83d6d75f466371a2966b27a8b700828","0xb2e787c6c83d6d75f466371a2966b27a8b700828","30101","mainnet"
"Ethereum Mainnet","1","Bedrock","uniBTC","Bedrock","OFTAdapter","0x50fa1411201e2ac0361fb893e903b80f141b8190","0x50fa1411201e2ac0361fb893e903b80f141b8190","30101","mainnet"
"Ethereum Mainnet","1","Unix Corp","UNIX","Unix Corp","OFTAdapter","0x6f97d3f120fbbdaacf1c9da61a8ad126b7426861","0x6f97d3f120fbbdaacf1c9da61a8ad126b7426861","30101","mainnet"
"Ethereum Mainnet","1","unshETH","unshETH","unshETH","OFTAdapter","0x35f899ce6cc304aedfdb7835f623a30473b26457","0x35f899ce6cc304aedfdb7835f623a30473b26457","30101","mainnet"
"Ethereum Mainnet","1","BIMA","USBD","BIMA","OFT","0x6bede1c6009a78c222d9bdb7974bb67847fdb68c","0x6bede1c6009a78c222d9bdb7974bb67847fdb68c","30101","mainnet"
"Ethereum Mainnet","1","Usual","USD0","Usual","OFTAdapter","0xe14c486b93c3b62f76f88cf8fe4b36fb672f3b26","0xe14c486b93c3b62f76f88cf8fe4b36fb672f3b26","30101","mainnet"
"Ethereum Mainnet","1","Usual","USD0++","Usual","OFTAdapter","0xd155d91009cbe9b0204b06ce1b62bf1d793d3111","0xd155d91009cbe9b0204b06ce1b62bf1d793d3111","30101","mainnet"
"Ethereum Mainnet","1","Avalon Labs","USDa","Avalon Labs","OFT","0x8a60e489004ca22d775c5f2c657598278d17d9c2","0x8a60e489004ca22d775c5f2c657598278d17d9c2","30101","mainnet"
"Ethereum Mainnet","1","USDC","USDC","Stargate","StargatePool","0xc026395860Db2d07ee33e05fE50ed7bD583189C7","0xA0b86991c6218b36c1d19D4a2e9Eb0cE3606eB48","30101","mainnet"
"Ethereum Mainnet","1","LayerZero","USDC","LayerZero","OFTAdapter","0x28a92dde19d9989f39a49905d7c9c2fac7799bdf","0x28a92dde19d9989f39a49905d7c9c2fac7799bdf","30101","mainnet"
"Ethereum Mainnet","1","Ethena","USDe","Ethena","OFTAdapter","0x5d3a1ff2b6bab83b63cd9ad0787074081a52ef34","0x5d3a1ff2b6bab83b63cd9ad0787074081a52ef34","30101","mainnet"
"Ethereum Mainnet","1","Paxos","USDG","Paxos","OFTAdapter","0x147bde4f997f0d4c7544ed0c55eacf1e5e6bf9c4","0x147bde4f997f0d4c7544ed0c55eacf1e5e6bf9c4","30101","mainnet"
"Ethereum Mainnet","1","USDT","USDT","Stargate","StargatePool","0x933597a323Eb81cAe705C5bC29985172fd5A3973","0xdAC17F958D2ee523a2206206994597C13D831ec7","30101","mainnet"
"Ethereum Mainnet","1","LayerZero","USDT","LayerZero","OFTAdapter","0xcc1b99ddac1a33c201a742a1851662e87bc7f22c","0xcc1b99ddac1a33c201a742a1851662e87bc7f22c","30101","mainnet"
"Ethereum Mainnet","1","USDT0","USDT0","USDT0","OFTAdapter","0x6c96de32cea08842dcc4058c14d3aaad7fa41dee","0x6c96de32cea08842dcc4058c14d3aaad7fa41dee","30101","mainnet"
"Ethereum Mainnet","1","USDT0 Native Mesh","USDT0","USDT0 Native Mesh","OFTAdapter","0x1f748c76de468e9d11bd340fa9d5cbadf315dfb0","0x1f748c76de468e9d11bd340fa9d5cbadf315dfb0","30101","mainnet"
"Ethereum Mainnet","1","Ethena","USDtb","Ethena","OFTAdapter","0xc708b6887db46005da033501f8aebee72d191a5d","0xc708b6887db46005da033501f8aebee72d191a5d","30101","mainnet"
"Ethereum Mainnet","1","unstable coin","USDUC","unstable coin","OFT","0xecedb6f8108b9f7bbf499da843dced6c2bb6e270","0xecedb6f8108b9f7bbf499da843dced6c2bb6e270","30101","mainnet"
"Ethereum Mainnet","1","Ondo Finance","USDY","Ondo Finance","OFTAdapter","0xa6275720b3fb1efe3e6ef2b5bf2293148852307d","0xa6275720b3fb1efe3e6ef2b5bf2293148852307d","30101","mainnet"
"Ethereum Mainnet","1","Anzen Finance","USDz","Anzen Finance","OFT","0xa469b7ee9ee773642b3e93e842e5d9b5baa10067","0xa469b7ee9ee773642b3e93e842e5d9b5baa10067","30101","mainnet"
"Ethereum Mainnet","1","unshETH","USH","unshETH","OFTAdapter","0xa8b326ca02650ac968c554d6c534412e49c92bc4","0xa8b326ca02650ac968c554d6c534412e49c92bc4","30101","mainnet"
"Ethereum Mainnet","1","Resolv Labs","USR","Resolv Labs","OFTAdapter","0xd2ee2776f34ef4e7325745b06e6d464b08d4be0e","0xd2ee2776f34ef4e7325745b06e6d464b08d4be0e","30101","mainnet"
"Ethereum Mainnet","1","Usual","USUAL","Usual","OFTAdapter","0xd277cbcfe8cb37ca90129a33ec7ee590ee392b59","0xd277cbcfe8cb37ca90129a33ec7ee590ee392b59","30101","mainnet"
"Ethereum Mainnet","1","Vana","VANA","Vana","OFT","0x7ff7fa94b8b66ef313f7970d4eebd2cb3103a2c0","0x7ff7fa94b8b66ef313f7970d4eebd2cb3103a2c0","30101","mainnet"
"Ethereum Mainnet","1","ValiDAO","VDO","ValiDAO","OFT","0xb5ee887259f792e613edbd20dde8970c10fefda1","0xb5ee887259f792e613edbd20dde8970c10fefda1","30101","mainnet"
"Ethereum Mainnet","1","Vitalik AI","VITAI","Vitalik AI","OFT","0xe81941c13678a6396e438490601a40a34bf90dd2","0xe81941c13678a6396e438490601a40a34bf90dd2","30101","mainnet"
"Ethereum Mainnet","1","Acorn Network","waBTC","Acorn Network","OFTAdapter","0x37016812a5c2c54793fd277b7f75086a47377d28","0x37016812a5c2c54793fd277b7f75086a47377d28","30101","mainnet"
"Ethereum Mainnet","1","WAGMI","WAGMI","WAGMI","OFT","0x92cc36d66e9d739d50673d1f27929a371fb83a67","0x92cc36d66e9d739d50673d1f27929a371fb83a67","30101","mainnet"
"Ethereum Mainnet","1","WAGMI","WAGMI","WAGMI","OFTAdapter","0xf5ec00e770de25aef156d290c2504e163b22b4e4","0xf5ec00e770de25aef156d290c2504e163b22b4e4","30101","mainnet"
"Ethereum Mainnet","1","wBTC","WBTC","wBTC","OFTAdapter","0x0555e30da8f98308edb960aa94c0db47230d2b9c","0x0555e30da8f98308edb960aa94c0db47230d2b9c","30101","mainnet"
"Ethereum Mainnet","1","Ether.Fi","weETH","Ether.Fi","OFTAdapter","0xcd2eb13d6831d4602d80e5db9230a57596cdca63","0xcd2eb13d6831d4602d80e5db9230a57596cdca63","30101","mainnet"
"Ethereum Mainnet","1","LayerZero","WETH","LayerZero","OFTAdapter","0x695921034f0387eac4e11620ee91b1b15a6a09fe","0x695921034f0387eac4e11620ee91b1b15a6a09fe","30101","mainnet"
"Ethereum Mainnet","1","Flow","WFLOW","Flow","OFTAdapter","0xc1b45896b5fc9422a8f779653808297bb4f546f9","0xc1b45896b5fc9422a8f779653808297bb4f546f9","30101","mainnet"
"Ethereum Mainnet","1","Wild Goat Coin","WGC","Wild Goat Coin","OFT","0xc53ac24320e3a54c7211e4993c8095078a0cb3cf","0xc53ac24320e3a54c7211e4993c8095078a0cb3cf","30101","mainnet"
"Ethereum Mainnet","1","HyperLiquid","WHYPE","HyperLiquid","OFT","0xd83e3d560ba6f05094d9d8b3eb8aaea571d1864e","0xd83e3d560ba6f05094d9d8b3eb8aaea571d1864e","30101","mainnet"
"Ethereum Mainnet","1","Wilder World","WILD","Wilder World","OFTAdapter","0xafde2490236bc64950def5472296aa0d9758db0d","0xafde2490236bc64950def5472296aa0d9758db0d","30101","mainnet"
"Ethereum Mainnet","1","Nine Chronicles","WNCG","Nine Chronicles","OFTAdapter","0x885f0a0e5cd0bdb3e58995aad80e6c6bc2823dcb","0x885f0a0e5cd0bdb3e58995aad80e6c6bc2823dcb","30101","mainnet"
"Ethereum Mainnet","1","Nibiru Chain","WNIBI","Nibiru Chain","OFT","0x8a47e412a865198b9d5f10ff2e54f788f1696195","0x8a47e412a865198b9d5f10ff2e54f788f1696195","30101","mainnet"
"Ethereum Mainnet","1","WoofWork","WOOF","WoofWork","OFTAdapter","0x395b362d87fe1b2bd801546314a172e05c87e362","0x395b362d87fe1b2bd801546314a172e05c87e362","30101","mainnet"
"Ethereum Mainnet","1","Resolv Labs","wsrUSD","Resolv Labs","OFTAdapter","0xbb431abd156b960e5b77cc45c75f107e3991258a","0xbb431abd156b960e5b77cc45c75f107e3991258a","30101","mainnet"
"Ethereum Mainnet","1","Wrapped liquid staked Ether 2.0","wstETH","Wrapped liquid staked Ether 2.0","OFTAdapter","0xa2d339411624cfb6243f909b064e07320919ee3f","0xa2d339411624cfb6243f909b064e07320919ee3f","30101","mainnet"
"Ethereum Mainnet","1","Wrapped liquid staked Ether 2.0","wstETH","Wrapped liquid staked Ether 2.0","OFTAdapter","0x6cea302b297bb8c49e56d04cc080480822795848","0x6cea302b297bb8c49e56d04cc080480822795848","30101","mainnet"
"Ethereum Mainnet","1","Resolv Labs","wstUSR","Resolv Labs","OFTAdapter","0xab17c1fe647c37ceb9b96d1c27dd189bf8451978","0xab17c1fe647c37ceb9b96d1c27dd189bf8451978","30101","mainnet"
"Ethereum Mainnet","1","WXTZ","WXTZ","WXTZ","OFT","0xc9b53ab2679f573e480d01e0f49e2b5cfb7a3eab","0xc9b53ab2679f573e480d01e0f49e2b5cfb7a3eab","30101","mainnet"
"Ethereum Mainnet","1","XX Network","WXX","XX Network","OFTAdapter","0x147c0014bf053181ce92cef6b36b4f3992f9b0a8","0x147c0014bf053181ce92cef6b36b4f3992f9b0a8","30101","mainnet"
"Ethereum Mainnet","1","USDT0","XAUT0","USDT0","OFTAdapter","0xb9c2321bb7d0db468f570d10a424d1cc8efd696c","0xb9c2321bb7d0db468f570d10a424d1cc8efd696c","30101","mainnet"
"Ethereum Mainnet","1","Xavier: Renegade Angel","xavier","Xavier: Renegade Angel","OFT","0x69b1ac639c0153b8eae75e4c19a176d07071683c","0x69b1ac639c0153b8eae75e4c19a176d07071683c","30101","mainnet"
"Ethereum Mainnet","1","XDC Network","XDC","XDC Network","OFT","0x11a72d2a88468c09f1bb63fc729d8649e84275a9","0x11a72d2a88468c09f1bb63fc729d8649e84275a9","30101","mainnet"
"Ethereum Mainnet","1","XPLA","XPLA","XPLA","OFT","0x332dd4f170cdfc27756ee4159e7dbf034c84c65b","0x332dd4f170cdfc27756ee4159e7dbf034c84c65b","30101","mainnet"
"Ethereum Mainnet","1","Solv Protocol","xSolvBTC","Solv Protocol","OFTAdapter","0x94dabd84cd36c4d364fcdd5cdabf41e73dbc99e6","0x94dabd84cd36c4d364fcdd5cdabf41e73dbc99e6","30101","mainnet"
"Ethereum Mainnet","1","Venus Protocol","XVS","Venus Protocol","OFTAdapter","0x888e317606b4c590bbad88653863e8b345702633","0x888e317606b4c590bbad88653863e8b345702633","30101","mainnet"
"Ethereum Mainnet","1","Dotcom","Y2K","Dotcom","OFT","0x06903ae134cca527742fe138a7cb97fe08322000","0x06903ae134cca527742fe138a7cb97fe08322000","30101","mainnet"
"Ethereum Mainnet","1","Yala Token","YALA","Yala Token","OFT","0xf970706063b7853877f39515c96932d49d5ac9cd","0xf970706063b7853877f39515c96932d49d5ac9cd","30101","mainnet"
"Ethereum Mainnet","1","KernelDAO","ynBTCk","KernelDAO","OFTAdapter","0xfd72fbb61798f3bcb707f5ba98cb72a87cca02a2","0xfd72fbb61798f3bcb707f5ba98cb72a87cca02a2","30101","mainnet"
"Ethereum Mainnet","1","YieldNest","YND","YieldNest","OFTAdapter","0xc099ab708e20e8b25c63ca156d7cc94404c55416","0xc099ab708e20e8b25c63ca156d7cc94404c55416","30101","mainnet"
"Ethereum Mainnet","1","YieldNest","ynETHx","YieldNest","OFTAdapter","0x79a5959cc1cbe4d08e7800bd16759d82e64169a1","0x79a5959cc1cbe4d08e7800bd16759d82e64169a1","30101","mainnet"
"Ethereum Mainnet","1","Yala stablecoin","YU","Yala stablecoin","OFT","0xe868084cf08f3c3db11f4b73a95473762d9463f7","0xe868084cf08f3c3db11f4b73a95473762d9463f7","30101","mainnet"
"Ethereum Mainnet","1","Aegis","YUSD","Aegis","OFTAdapter","0xaf12b0ae5a72d7b8a8ec675f3e76e2db56143565","0xaf12b0ae5a72d7b8a8ec675f3e76e2db56143565","30101","mainnet"
"Ethereum Mainnet","1","Zenrock","zenBTC","Zenrock","OFTAdapter","0x67c4fb7c4129342c0fcb95f5fab9908870f7af99","0x67c4fb7c4129342c0fcb95f5fab9908870f7af99","30101","mainnet"
"Ethereum Mainnet","1","Zerolend","ZERO","Zerolend","OFT","0x2da17faf782ae884faf7db2208bbc66b6e085c22","0x2da17faf782ae884faf7db2208bbc66b6e085c22","30101","mainnet"
"Ethereum Mainnet","1","Zircuit","ZRC","Zircuit","OFTAdapter","0xb5eb63caad0ca6e068114c42794ada9b7757ebc1","0xb5eb63caad0ca6e068114c42794ada9b7757ebc1","30101","mainnet"
"Ethereum Mainnet","1","ZRO Token","ZRO","ZRO Token","OFT","0x6985884c4392d348587b19cb9eaaf157f13271cd","0x6985884c4392d348587b19cb9eaaf157f13271cd","30101","mainnet"
"Etherlink Mainnet","42793","Sugarverse","CNDY","Sugarverse","OFT","0x6b43732a9ae9f8654d496c0a075aa4aa43057a0b","0x6b43732a9ae9f8654d496c0a075aa4aa43057a0b","30292","mainnet"
"Etherlink Mainnet","42793","Lombard Staked Bitcoin","LBTC","Lombard Staked Bitcoin","OFTAdapter","0xc832183d4d5fc5831daac892a93dbbfd798034e3","0xc832183d4d5fc5831daac892a93dbbfd798034e3","30292","mainnet"
"Etherlink Mainnet","42793","WXTZ","WXTZ","WXTZ","OFT","0xc9b53ab2679f573e480d01e0f49e2b5cfb7a3eab","0xc9b53ab2679f573e480d01e0f49e2b5cfb7a3eab","30292","mainnet"
"EVM on Flow Mainnet","747","Flow","PYUSD","Flow","OFT","0x2aabea2058b5ac2d339b163c6ab6f2b6d53aabed","0x2aabea2058b5ac2d339b163c6ab6f2b6d53aabed","30336","mainnet"
"EVM on Flow Mainnet","747","stgUSDC","stgUSDC","Stargate","StargateOFT","0xAF54BE5B6eEc24d6BFACf1cce4eaF680A8239398","0xF1815bd50389c46847f0Bda824eC8da914045D14","30336","mainnet"
"EVM on Flow Mainnet","747","USDT","USDT","Stargate","StargateOFT","0xAf5191B0De278C7286d6C7CC6ab6BB8A73bA2Cd6","0x674843C06FF83502ddb4D37c2E09C01cdA38cbc8","30336","mainnet"
"EVM on Flow Mainnet","747","WETH","WETH","Stargate","StargateOFT","0x45f1A95A4D3f3836523F5c83673c797f4d4d263B","0x2F6F07CDcf3588944Bf4C42aC74ff24bF56e7590","30336","mainnet"
"EVM on Flow Mainnet","747","Flow","WFLOW","Flow","NativeOFTAdapter","0xd296588850bee2770136464ffdddd78c32f2a07c","0xd296588850bee2770136464ffdddd78c32f2a07c","30336","mainnet"
"EVM on Flow Mainnet","747","OFFICIAL TRUMP","WTRUMP","OFFICIAL TRUMP","OFT","0xea3910f1c6e687b59835885904a2fd1944b51ec6","0xea3910f1c6e687b59835885904a2fd1944b51ec6","30336","mainnet"
"Fantom Mainnet","250","Beethoven X","BEETS","Beethoven X","OFTAdapter","0x8d038da833b154ebcfb7965a9ee7c4ad72671b21","0x8d038da833b154ebcfb7965a9ee7c4ad72671b21","30112","mainnet"
"Fantom Mainnet","250","SpookySwap","BOO","SpookySwap","OFTAdapter","0x3af1cf07f9960e06b76d701c0cd7f1120707378a","0x3af1cf07f9960e06b76d701c0cd7f1120707378a","30112","mainnet"
"Fantom Mainnet","250","Curve Finance","CRV","Curve Finance","OFT","0xc7ae4ab742f6b0b203f6710c87677005bc45ad01","0xc7ae4ab742f6b0b203f6710c87677005bc45ad01","30112","mainnet"
"Fantom Mainnet","250","Curve Finance","crvUSD","Curve Finance","OFT","0xaa798bf5ec09b6e3bc059ea4d36d4ca53e063ef7","0xaa798bf5ec09b6e3bc059ea4d36d4ca53e063ef7","30112","mainnet"
"Fantom Mainnet","250","LayerZero","DAI","LayerZero","OFT","0x91a40c733c97a6e1bf876eaf9ed8c08102eb491f","0x91a40c733c97a6e1bf876eaf9ed8c08102eb491f","30112","mainnet"
"Fantom Mainnet","250","GOGLZ","GOGLZ","GOGLZ","OFTAdapter","0x95ae0a728375e293eface67ea94e4b50c3a7a0fd","0x95ae0a728375e293eface67ea94e4b50c3a7a0fd","30112","mainnet"
"Fantom Mainnet","250","Interport Finance","ITP","Interport Finance","OFT","0x2b1d36f5b61addaf7da7ebbd11b35fd8cfb0de31","0x2b1d36f5b61addaf7da7ebbd11b35fd8cfb0de31","30112","mainnet"
"Fantom Mainnet","250","Lif3","LIF3","Lif3","OFT","0x5e074c28149cc35c1e5fbc79d8a6ea688dba2314","0x5e074c28149cc35c1e5fbc79d8a6ea688dba2314","30112","mainnet"
"Fantom Mainnet","250","Lif3","LSHARE","Lif3","OFT","0x8ff27b58e1d969befc9c8aeae93a6eb7e2250c8f","0x8ff27b58e1d969befc9c8aeae93a6eb7e2250c8f","30112","mainnet"
"Fantom Mainnet","250","Abracadabra Money","MIM","Abracadabra Money","OFTAdapter","0xc5c01568a3b5d8c203964049615401aaf0783191","0xc5c01568a3b5d8c203964049615401aaf0783191","30112","mainnet"
"Fantom Mainnet","250","Polter Finance","POLTER","Polter Finance","OFTAdapter","0x3822858c943d74b93936168f79f7ca73a43d2e6c","0x3822858c943d74b93936168f79f7ca73a43d2e6c","30112","mainnet"
"Fantom Mainnet","250","Qi Dao","QI","Qi Dao","OFT","0xd3fdcb837dafdb7c9c3ebd48fe22a53f6dd3d7d7","0xd3fdcb837dafdb7c9c3ebd48fe22a53f6dd3d7d7","30112","mainnet"
"Fantom Mainnet","250","Reunit Wallet","REUNI","Reunit Wallet","OFT","0x9ed7e4b1bff939ad473da5e7a218c771d1569456","0x9ed7e4b1bff939ad473da5e7a218c771d1569456","30112","mainnet"
"Fantom Mainnet","250","Onering Tools","RING","Onering Tools","OFTAdapter","0x34858b68fd411bb9c339ced41fc6334e67c7e02d","0x34858b68fd411bb9c339ced41fc6334e67c7e02d","30112","mainnet"
"Fantom Mainnet","250","Stargate","STG","Stargate","OFT","0x2f6f07cdcf3588944bf4c42ac74ff24bf56e7590","0x2f6f07cdcf3588944bf4c42ac74ff24bf56e7590","30112","mainnet"
"Fantom Mainnet","250","LayerZero","USDC","LayerZero","OFT","0x28a92dde19d9989f39a49905d7c9c2fac7799bdf","0x28a92dde19d9989f39a49905d7c9c2fac7799bdf","30112","mainnet"
"Fantom Mainnet","250","LayerZero","USDT","LayerZero","OFT","0xcc1b99ddac1a33c201a742a1851662e87bc7f22c","0xcc1b99ddac1a33c201a742a1851662e87bc7f22c","30112","mainnet"
"Fantom Mainnet","250","WAGMI","WAGMI","WAGMI","OFT","0xb1f795776cb9ddac6e7e162f31c7419dd3d48297","0xb1f795776cb9ddac6e7e162f31c7419dd3d48297","30112","mainnet"
"Fantom Mainnet","250","LayerZero","WETH","LayerZero","OFT","0x695921034f0387eac4e11620ee91b1b15a6a09fe","0x695921034f0387eac4e11620ee91b1b15a6a09fe","30112","mainnet"
"Flare Mainnet","14","Dinero","DINERO","Dinero","OFT","0xbe6d2be4e01d4304a28edd13038311e112313ec8","0xbe6d2be4e01d4304a28edd13038311e112313ec8","30295","mainnet"
"Flare Mainnet","14","Dinero","sDINERO","Dinero","OFT","0x20a02ecd89632a228ab04c46aa9ac2bc4e76f85d","0x20a02ecd89632a228ab04c46aa9ac2bc4e76f85d","30295","mainnet"
"Flare Mainnet","14","USDC.e","USDC.e","Stargate","StargateOFT","0x77C71633C34C3784ede189d74223122422492a0f","0xFbDa5F676cB37624f28265A144A48B0d6e87d3b6","30295","mainnet"
"Flare Mainnet","14","USDT","USDT","Stargate","StargateOFT","0x1C10CC06DC6D35970d1D53B2A23c76ef370d4135","0x0B38e83B86d491735fEaa0a791F65c2B99535396","30295","mainnet"
"Flare Mainnet","14","USDT0","USDT0","USDT0","OFTAdapter","0x567287d2a9829215a37e3b88843d32f9221e7588","0x567287d2a9829215a37e3b88843d32f9221e7588","30295","mainnet"
"Flare Mainnet","14","WETH","WETH","Stargate","StargateOFT","0x8e8539e4CcD69123c623a106773F2b0cbbc58746","0x1502FA4be69d526124D453619276FacCab275d3D","30295","mainnet"
"Fraxtal Mainnet","252","Ethena","ENA","Ethena","OFT","0x58538e6a46e07434d7e7375bc268d3cb839c0133","0x58538e6a46e07434d7e7375bc268d3cb839c0133","30255","mainnet"
"Fraxtal Mainnet","252","Frax Finance","FXS","Frax Finance","OFTAdapter","0xd86fbbd0c8715d2c1f40e451e5c3514e65e7576a","0xd86fbbd0c8715d2c1f40e451e5c3514e65e7576a","30255","mainnet"
"Fraxtal Mainnet","252","Redacted Finance","pxETH","Redacted Finance","OFT","0x58ade43a276ddf3e101941571ede398a32492ed7","0x58ade43a276ddf3e101941571ede398a32492ed7","30255","mainnet"
"Fraxtal Mainnet","252","Ethena","sUSDe","Ethena","OFT","0x211cc4dd073734da055fbf44a2b4667d5e5fe5d2","0x211cc4dd073734da055fbf44a2b4667d5e5fe5d2","30255","mainnet"
"Fraxtal Mainnet","252","Ethena","USDe","Ethena","OFT","0x5d3a1ff2b6bab83b63cd9ad0787074081a52ef34","0x5d3a1ff2b6bab83b63cd9ad0787074081a52ef34","30255","mainnet"
"Fraxtal Mainnet","252","YieldNest","ynETHx","YieldNest","OFTAdapter","0xbe82cbe217bf4e0a87dd88c552e93054f4ef2c7c","0xbe82cbe217bf4e0a87dd88c552e93054f4ef2c7c","30255","mainnet"
"Fuse Mainnet","122","USDC.e","USDC.e","Stargate","StargateOFT","0xAF54BE5B6eEc24d6BFACf1cce4eaF680A8239398","0xc6Bc407706B7140EE8Eef2f86F9504651b63e7f9","30138","mainnet"
"Fuse Mainnet","122","USDT","USDT","Stargate","StargateOFT","0xAf5191B0De278C7286d6C7CC6ab6BB8A73bA2Cd6","0x3695Dd1D1D43B794C0B13eb8be8419Eb3ac22bf7","30138","mainnet"
"Fuse Mainnet","122","WETH","WETH","Stargate","StargateOFT","0x45f1A95A4D3f3836523F5c83673c797f4d4d263B","0x2F6F07CDcf3588944Bf4C42aC74ff24bF56e7590","30138","mainnet"
"Gate Layer Mainnet","10088","USDC.e","USDC.e","Stargate","StargateOFT","0x0829F361A05D993d5CEb035cA6DF3446b060970b","0x8a2B28364102Bea189D99A475C494330Ef2bDD0B","30389","mainnet"
"Gate Layer Mainnet","10088","WETH","WETH","Stargate","StargateOFT","0x783129E4d7bA0Af0C896c239E57C06DF379aAE8c","0x60219C44E146BAf36002eA73767820238Ebc1db6","30389","mainnet"
"Glue Mainnet","1300","Hosico Cat","HOSICO","Hosico Cat","OFT","0x8f799534708044e27ec8f834edca4e90a81a527d","0x8f799534708044e27ec8f834edca4e90a81a527d","30342","mainnet"
"Glue Mainnet","1300","USDC.e","USDC.e","Stargate","StargateOFT","0xAF54BE5B6eEc24d6BFACf1cce4eaF680A8239398","0xEe45ed3f6c675F319BB9de62991C1E78B484e0B8","30342","mainnet"
"Glue Mainnet","1300","USDT","USDT","Stargate","StargateOFT","0xAf5191B0De278C7286d6C7CC6ab6BB8A73bA2Cd6","0xE1AD845D93853fff44990aE0DcecD8575293681e","30342","mainnet"
"Glue Mainnet","1300","WETH","WETH","Stargate","StargateOFT","0x45f1A95A4D3f3836523F5c83673c797f4d4d263B","0x2F6F07CDcf3588944Bf4C42aC74ff24bF56e7590","30342","mainnet"
"Gnosis Mainnet","100","Redacted Finance","apxETH","Redacted Finance","OFT","0xef2a1bf104a9600eedefa9ace6877e51e5add29d","0xef2a1bf104a9600eedefa9ace6877e51e5add29d","30145","mainnet"
"Gnosis Mainnet","100","Bright Union","BRIGHT","Bright Union","OFT","0xb7e10110eedca190da51b22e90a2caee014c8140","0xb7e10110eedca190da51b22e90a2caee014c8140","30145","mainnet"
"Gnosis Mainnet","100","Stader Labs","ETHx","Stader Labs","OFTAdapter","0xac9da18c76d54a744612e72492838227df0308bb","0xac9da18c76d54a744612e72492838227df0308bb","30145","mainnet"
"Gnosis Mainnet","100","Lagrange","LA","Lagrange","OFT","0x0fc2a55d5bd13033f1ee0cdd11f60f7efe66f467","0x0fc2a55d5bd13033f1ee0cdd11f60f7efe66f467","30145","mainnet"
"Gnosis Mainnet","100","Redacted Finance","pxETH","Redacted Finance","OFT","0xa7490a2d3e0fa0ffc461eadc465c19d370265d1b","0xa7490a2d3e0fa0ffc461eadc465c19d370265d1b","30145","mainnet"
"Gnosis Mainnet","100","USDC.e","USDC.e","Stargate","StargatePool","0xB1EeAD6959cb5bB9B20417d6689922523B2B86C3","0x2a22f9c3b484c3629090FeED35F17Ff8F88f76F0","30145","mainnet"
"Gnosis Mainnet","100","WETH","WETH","Stargate","StargatePool","0xe9aBA835f813ca05E50A6C0ce65D0D74390F7dE7","0x6A023CCd1ff6F2045C3309768eAd9E68F978f6e1","30145","mainnet"
"Goat Mainnet","2345","Goat Network","BTCB","Goat Network","OFT","0xfe41e7e5cb3460c483ab2a38eb605cda9e2d248e","0xfe41e7e5cb3460c483ab2a38eb605cda9e2d248e","30361","mainnet"
"Goat Mainnet","2345","Goat Network","DOGE","Goat Network","OFT","0x1e0d0303a8c4ad428953f5acb1477db42bb838cf","0x1e0d0303a8c4ad428953f5acb1477db42bb838cf","30361","mainnet"
"Goat Mainnet","2345","USDC.e","USDC.e","Stargate","StargateOFT","0xbbA60da06c2c5424f03f7434542280FCAd453d10","0x3022b87ac063DE95b1570F46f5e470F8B53112D8","30361","mainnet"
"Goat Mainnet","2345","USDT","USDT","Stargate","StargateOFT","0x549943e04f40284185054145c6E4e9568C1D3241","0xE1AD845D93853fff44990aE0DcecD8575293681e","30361","mainnet"
"Goat Mainnet","2345","WETH","WETH","Stargate","StargateOFT","0x88853D410299BCBfE5fCC9Eef93c03115E908279","0x3a1293Bdb83bBbDd5Ebf4fAc96605aD2021BbC0f","30361","mainnet"
"Gravity Mainnet","1625","USDC.e","USDC.e","Stargate","StargateOFT","0xC1B8045A6ef2934Cf0f78B0dbD489969Fa9Be7E4","0xFbDa5F676cB37624f28265A144A48B0d6e87d3b6","30294","mainnet"
"Gravity Mainnet","1625","USDT","USDT","Stargate","StargateOFT","0x0B38e83B86d491735fEaa0a791F65c2B99535396","0x816E810f9F787d669FB71932DeabF6c83781Cd48","30294","mainnet"
"Gravity Mainnet","1625","WETH","WETH","Stargate","StargateOFT","0x17d65bF79E77B6Ab21d8a0afed3bC8657d8Ee0B2","0xf6f832466Cd6C21967E0D954109403f36Bc8ceaA","30294","mainnet"
"Hedera Mainnet","295","WETH","WETH","Stargate","StargateOFT","0xda6087E69C51E7D31b6DBAD276a3c44703DFdCAd","0xCa367694CDaC8f152e33683BB36CC9d6A73F1ef2","30316","mainnet"
"Hemi Mainnet","43111","ETH","ETH","Stargate","StargatePool","0x2F6F07CDcf3588944Bf4C42aC74ff24bF56e7590","0x0000000000000000000000000000000000000000","30329","mainnet"
"Hemi Mainnet","43111","Hemi Network","HEMI","Hemi Network","OFTAdapter","0xf14a494fb66927df0b1495e5f09b410e5d8517c3","0xf14a494fb66927df0b1495e5f09b410e5d8517c3","30329","mainnet"
"Hemi Mainnet","43111","Kelp DAO","rsETH","Kelp DAO","OFT","0xc3eacf0612346366db554c991d7858716db09f58","0xc3eacf0612346366db554c991d7858716db09f58","30329","mainnet"
"Hemi Mainnet","43111","BIMA","USBD","BIMA","OFT","0x6bede1c6009a78c222d9bdb7974bb67847fdb68c","0x6bede1c6009a78c222d9bdb7974bb67847fdb68c","30329","mainnet"
"Hemi Mainnet","43111","USDC.e","USDC.e","Stargate","StargateOFT","0x45f1A95A4D3f3836523F5c83673c797f4d4d263B","0xad11a8BEb98bbf61dbb1aa0F6d6F2ECD87b35afA","30329","mainnet"
"Hemi Mainnet","43111","USDT","USDT","Stargate","StargateOFT","0xAF54BE5B6eEc24d6BFACf1cce4eaF680A8239398","0xbB0D083fb1be0A9f6157ec484b6C79E0A4e31C2e","30329","mainnet"
"Hemi Mainnet","43111","YieldNest Restaked BitFi BTC - Kernel","ynBfBTCk","YieldNest Restaked BitFi BTC - Kernel","OFTAdapter","0x59f1f7c4a003c2ae7c4c6db24a831c92bb7ef9ae","0x59f1f7c4a003c2ae7c4c6db24a831c92bb7ef9ae","30329","mainnet"
"Hemi Mainnet","43111","ynBNB MAX","ynBNBx","ynBNB MAX","OFTAdapter","0x12a1ea4a8d6d698e4d6175f563957d1a55405947","0x12a1ea4a8d6d698e4d6175f563957d1a55405947","30329","mainnet"
"Hemi Mainnet","43111","KernelDAO","ynBTCk","KernelDAO","OFTAdapter","0xfd72fbb61798f3bcb707f5ba98cb72a87cca02a2","0xfd72fbb61798f3bcb707f5ba98cb72a87cca02a2","30329","mainnet"
"Hemi Mainnet","43111","YieldNest","ynCoBTCk","YieldNest","OFTAdapter","0x24ecbe695b1f5fdf154ec6f7c532c6a74dab161c","0x24ecbe695b1f5fdf154ec6f7c532c6a74dab161c","30329","mainnet"
"Hemi Mainnet","43111","YieldNest","ynETHx","YieldNest","OFTAdapter","0xd47e06ed020f86197193781260b2e2913bff65ab","0xd47e06ed020f86197193781260b2e2913bff65ab","30329","mainnet"
"HyperEVM Mainnet","999","HeyAnon","Anon","HeyAnon","OFT","0x79bbf4508b1391af3a0f4b30bb5fc4aa9ab0e07c","0x79bbf4508b1391af3a0f4b30bb5fc4aa9ab0e07c","30367","mainnet"
"HyperEVM Mainnet","999","ApeCoin","APE","ApeCoin","OFT","0xab11329560fa9c9c860bb21a9342215a1265bbb0","0xab11329560fa9c9c860bb21a9342215a1265bbb0","30367","mainnet"
"HyperEVM Mainnet","999","Apu Apustaja","APU","Apu Apustaja","OFT","0xcbb8e1a8d5f9ee59c5a331f6c8556cca8e01cf10","0xcbb8e1a8d5f9ee59c5a331f6c8556cca8e01cf10","30367","mainnet"
"HyperEVM Mainnet","999","mETH Protocol","cmETH","mETH Protocol","OFT","0xe6829d9a7ee3040e1276fa75293bde931859e8fa","0xe6829d9a7ee3040e1276fa75293bde931859e8fa","30367","mainnet"
"HyperEVM Mainnet","999","mETH Protocol","COOK","mETH Protocol","OFT","0x9f0c013016e8656bc256f948cd4b79ab25c7b94d","0x9f0c013016e8656bc256f948cd4b79ab25c7b94d","30367","mainnet"
"HyperEVM Mainnet","999","Equilibria Finance","EQB","Equilibria Finance","OFT","0x3ce8426dc0b90a36f0e20d7c2acaaf4578ad4e50","0x3ce8426dc0b90a36f0e20d7c2acaaf4578ad4e50","30367","mainnet"
"HyperEVM Mainnet","999","HLP0","HLP0","HLP0","OFT","0x3d75f2bb8abcdbd1e27443cb5cbce8a668046c81","0x3d75f2bb8abcdbd1e27443cb5cbce8a668046c81","30367","mainnet"
"HyperEVM Mainnet","999","ISLAND","ISLAND","ISLAND","OFT","0x1f170f59849bf2e11a051e9da1213d672baa8748","0x1f170f59849bf2e11a051e9da1213d672baa8748","30367","mainnet"
"HyperEVM Mainnet","999","HyBridge","LINK","HyBridge","OFT","0x9a12cb8869498d8826567437abea27be1c2ba9ab","0x9a12cb8869498d8826567437abea27be1c2ba9ab","30367","mainnet"
"HyperEVM Mainnet","999","Pendle","PENDLE","Pendle","OFT","0xd6eb81136884713e843936843e286fd2a85a205a","0xd6eb81136884713e843936843e286fd2a85a205a","30367","mainnet"
"HyperEVM Mainnet","999","Pudgy Penguins","PENGU","Pudgy Penguins","OFT","0xfa44c2634ff17cbe26dc3007d36bd61c79068c14","0xfa44c2634ff17cbe26dc3007d36bd61c79068c14","30367","mainnet"
"HyperEVM Mainnet","999","PrimeFi","PRFI","PrimeFi","OFT","0x7bbcf1b600565ae023a1806ef637af4739de3255","0x7bbcf1b600565ae023a1806ef637af4739de3255","30367","mainnet"
"HyperEVM Mainnet","999","Puffer","pufETH","Puffer","OFT","0x87d00066cf131ff54b72b134a217d5401e5392b6","0x87d00066cf131ff54b72b134a217d5401e5392b6","30367","mainnet"
"HyperEVM Mainnet","999","Rekt","REKT","Rekt","OFT","0xc12e26ab94d1e62f18373cf25e43afa7b2af1cdc","0xc12e26ab94d1e62f18373cf25e43afa7b2af1cdc","30367","mainnet"
"HyperEVM Mainnet","999","Resolv Labs","RLP","Resolv Labs","OFT","0x0a3d8466f5de586fa5f6de117301e2f90bcc5c48","0x0a3d8466f5de586fa5f6de117301e2f90bcc5c48","30367","mainnet"
"HyperEVM Mainnet","999","Reservoir","rUSD","Reservoir","OFT","0x866d66f64fb81461903e1e38d998e747ecf35e78","0x866d66f64fb81461903e1e38d998e747ecf35e78","30367","mainnet"
"HyperEVM Mainnet","999","Relend Network","rUSDC","Relend Network","OFT","0x9ab96a4668456896d45c301bc3a15cee76aa7b8d","0x9ab96a4668456896d45c301bc3a15cee76aa7b8d","30367","mainnet"
"HyperEVM Mainnet","999","SatLayer","SLAY","SatLayer","OFT","0x9efdfc72c1bc90b36f8aae35247e62310c58eacf","0x9efdfc72c1bc90b36f8aae35247e62310c58eacf","30367","mainnet"
"HyperEVM Mainnet","999","Ethena","sUSDe","Ethena","OFT","0x211cc4dd073734da055fbf44a2b4667d5e5fe5d2","0x211cc4dd073734da055fbf44a2b4667d5e5fe5d2","30367","mainnet"
"HyperEVM Mainnet","999","Theo","thBILL","Theo","OFT","0xfdd22ce6d1f66bc0ec89b20bf16ccb6670f55a5a","0xfdd22ce6d1f66bc0ec89b20bf16ccb6670f55a5a","30367","mainnet"
"HyperEVM Mainnet","999","Ethena","USDe","Ethena","OFT","0x5d3a1ff2b6bab83b63cd9ad0787074081a52ef34","0x5d3a1ff2b6bab83b63cd9ad0787074081a52ef34","30367","mainnet"
"HyperEVM Mainnet","999","USDT0","USDT0","USDT0","OFTAdapter","0x904861a24f30ec96ea7cfc3be9ea4b476d237e98","0x904861a24f30ec96ea7cfc3be9ea4b476d237e98","30367","mainnet"
"HyperEVM Mainnet","999","Resolv Labs","USR","Resolv Labs","OFT","0x0ad339d66bf4aed5ce31c64bc37b3244b6394a77","0x0ad339d66bf4aed5ce31c64bc37b3244b6394a77","30367","mainnet"
"HyperEVM Mainnet","999","ValiDAO","VDO","ValiDAO","OFT","0xb5ee887259f792e613edbd20dde8970c10fefda1","0xb5ee887259f792e613edbd20dde8970c10fefda1","30367","mainnet"
"HyperEVM Mainnet","999","Ether.Fi","weETH","Ether.Fi","OFT","0xa3d68b74bf0528fdd07263c60d6488749044914b","0xa3d68b74bf0528fdd07263c60d6488749044914b","30367","mainnet"
"HyperEVM Mainnet","999","Wild Goat Coin","WGC","Wild Goat Coin","OFT","0xc53ac24320e3a54c7211e4993c8095078a0cb3cf","0xc53ac24320e3a54c7211e4993c8095078a0cb3cf","30367","mainnet"
"HyperEVM Mainnet","999","HyperLiquid","WHYPE","HyperLiquid","OFTAdapter","0x2b7e48511ea616101834f09945c11f7d78d9136d","0x2b7e48511ea616101834f09945c11f7d78d9136d","30367","mainnet"
"HyperEVM Mainnet","999","would","WOULD","would","OFT","0xf855572485de4c8bc33905f58d0c21cf4df3d6c7","0xf855572485de4c8bc33905f58d0c21cf4df3d6c7","30367","mainnet"
"HyperEVM Mainnet","999","Resolv Labs","wsrUSD","Resolv Labs","OFT","0x04716db62c085d9e08050fcf6f7d775a03d07720","0x04716db62c085d9e08050fcf6f7d775a03d07720","30367","mainnet"
"HyperEVM Mainnet","999","Resolv Labs","wstUSR","Resolv Labs","OFT","0x46c1c168ca597b9e5423aa7081a0dce782caeaab","0x46c1c168ca597b9e5423aa7081a0dce782caeaab","30367","mainnet"
"HyperEVM Mainnet","999","USDT0","XAUT0","USDT0","OFTAdapter","0x4e41cfc3f3b19e29e323d2c36f8f202a1e151daf","0x4e41cfc3f3b19e29e323d2c36f8f202a1e151daf","30367","mainnet"
"Ink Mainnet","57073","Frax Finance","FXS","Frax Finance","OFT","0x64445f0aecc51e94ad52d8ac56b7190e764e561a","0x64445f0aecc51e94ad52d8ac56b7190e764e561a","30339","mainnet"
"Ink Mainnet","57073","USDC.e","USDC.e","Stargate","StargateOFT","0x2F6F07CDcf3588944Bf4C42aC74ff24bF56e7590","0xF1815bd50389c46847f0Bda824eC8da914045D14","30339","mainnet"
"Ink Mainnet","57073","Paxos","USDG","Paxos","OFTAdapter","0x9e12c058a20c5b0eebaa00e44a712ec54b838971","0x9e12c058a20c5b0eebaa00e44a712ec54b838971","30339","mainnet"
"Ink Mainnet","57073","USDT0","USDT0","USDT0","OFTAdapter","0x1cb6de532588fca4a21b7209de7c456af8434a65","0x1cb6de532588fca4a21b7209de7c456af8434a65","30339","mainnet"
"Ink Mainnet","57073","Wild Goat Coin","WGC","Wild Goat Coin","OFT","0x3d63825b0d8669307366e6c8202f656b9e91d368","0x3d63825b0d8669307366e6c8202f656b9e91d368","30339","mainnet"
"Ink Mainnet","57073","YieldNest","YND","YieldNest","OFTAdapter","0xc099ab708e20e8b25c63ca156d7cc94404c55416","0xc099ab708e20e8b25c63ca156d7cc94404c55416","30339","mainnet"
"Ink Mainnet","57073","YieldNest","ynETHx","YieldNest","OFTAdapter","0xd47e06ed020f86197193781260b2e2913bff65ab","0xd47e06ed020f86197193781260b2e2913bff65ab","30339","mainnet"
"IOTA EVM Mainnet","8822","HeyAnon","Anon","HeyAnon","OFT","0x79bbf4508b1391af3a0f4b30bb5fc4aa9ab0e07c","0x79bbf4508b1391af3a0f4b30bb5fc4aa9ab0e07c","30284","mainnet"
"IOTA EVM Mainnet","8822","USDC.e","USDC.e","Stargate","StargateOFT","0x8e8539e4CcD69123c623a106773F2b0cbbc58746","0xFbDa5F676cB37624f28265A144A48B0d6e87d3b6","30284","mainnet"
"IOTA EVM Mainnet","8822","USDT","USDT","Stargate","StargateOFT","0x77C71633C34C3784ede189d74223122422492a0f","0xC1B8045A6ef2934Cf0f78B0dbD489969Fa9Be7E4","30284","mainnet"
"IOTA EVM Mainnet","8822","WETH","WETH","Stargate","StargateOFT","0x9c2dc7377717603eB92b2655c5f2E7997a4945BD","0x160345fC359604fC6e70E3c5fAcbdE5F7A9342d8","30284","mainnet"
"Kaia Mainnet (formerly Klaytn)","8217","Bombie","BOMB","Bombie","OFTAdapter","0xc3d4e9ac47d7f37bb07c2f8355bb4940dea3bbc3","0xc3d4e9ac47d7f37bb07c2f8355bb4940dea3bbc3","30150","mainnet"
"Kaia Mainnet (formerly Klaytn)","8217","Delabs","DELABS","Delabs","OFT","0x23ccab1de32e06a6235a7997c266f86440c2cbe6","0x23ccab1de32e06a6235a7997c266f86440c2cbe6","30150","mainnet"
"Kaia Mainnet (formerly Klaytn)","8217","Fautor","FTR","Fautor","OFT","0xf305bee041bed79775003c10fca064c50075b0dc","0xf305bee041bed79775003c10fca064c50075b0dc","30150","mainnet"
"Kaia Mainnet (formerly Klaytn)","8217","Lair Finance","LAIR","Lair Finance","OFTAdapter","0x17d9939af659dc3fd1898c0d783ed07347de345f","0x17d9939af659dc3fd1898c0d783ed07347de345f","30150","mainnet"
"Kaia Mainnet (formerly Klaytn)","8217","USDC.e","USDC.e","Stargate","StargateOFT","0x01A7c805cc47AbDB254CD8AaD29dE5e447F59224","0xE2053BCf56D2030d2470Fb454574237cF9ee3D4B","30150","mainnet"
"Kaia Mainnet (formerly Klaytn)","8217","USDT","USDT","Stargate","StargateOFT","0x8619bA1B324e099CB2227060c4BC5bDEe14456c6","0x9025095263d1E548dc890A7589A4C78038aC40ab","30150","mainnet"
"Kaia Mainnet (formerly Klaytn)","8217","WETH","WETH","Stargate","StargateOFT","0xBB4957E44401a31ED81Cab33539d9e8993FA13Ce","0x55Acee547DF909CF844e32DD66eE55a6F81dC71b","30150","mainnet"
"Katana","747474","Jito Staked SOL","JitoSOL","Jito Staked SOL","OFT","0x6c16e26013f2431e8b2e1ba7067ecccad0db6c52","0x6c16e26013f2431e8b2e1ba7067ecccad0db6c52","30375","mainnet"
"Katana","747474","Reservoir","rUSD","Reservoir","OFT","0x09d4214c03d01f49544c0448dbe3a27f768f2b34","0x09d4214c03d01f49544c0448dbe3a27f768f2b34","30375","mainnet"
"Katana","747474","Resolv Labs","wsrUSD","Resolv Labs","OFT","0x4809010926aec940b550d34a46a52739f996d75d","0x4809010926aec940b550d34a46a52739f996d75d","30375","mainnet"
"Katana","747474","Aegis","YUSD","Aegis","OFT","0xca2671dcd031a72359f456c212f62a9bda737cd7","0xca2671dcd031a72359f456c212f62a9bda737cd7","30375","mainnet"
"Kava Mainnet","2222","HeyAnon","Anon","HeyAnon","OFT","0x79bbf4508b1391af3a0f4b30bb5fc4aa9ab0e07c","0x79bbf4508b1391af3a0f4b30bb5fc4aa9ab0e07c","30177","mainnet"
"Kava Mainnet","2222","Ethena","ENA","Ethena","OFT","0x58538e6a46e07434d7e7375bc268d3cb839c0133","0x58538e6a46e07434d7e7375bc268d3cb839c0133","30177","mainnet"
"Kava Mainnet","2222","Hard Protocol","HARD","Hard Protocol","OFTAdapter","0xadc565c6bc2dcc268abdd4408ac156e0d00fcb62","0xadc565c6bc2dcc268abdd4408ac156e0d00fcb62","30177","mainnet"
"Kava Mainnet","2222","Kava","KAVA","Kava","NativeOFTAdapter","0x964fef44181763f5ee8eddfa124c9ad476570e2a","0x964fef44181763f5ee8eddfa124c9ad476570e2a","30177","mainnet"
"Kava Mainnet","2222","Abracadabra Money","MIM","Abracadabra Money","OFTAdapter","0xc7a161cfd0e133d289b13692b636b8e8b5cd8d8c","0xc7a161cfd0e133d289b13692b636b8e8b5cd8d8c","30177","mainnet"
"Kava Mainnet","2222","Qi Dao","QI","Qi Dao","OFT","0xd3fdcb837dafdb7c9c3ebd48fe22a53f6dd3d7d7","0xd3fdcb837dafdb7c9c3ebd48fe22a53f6dd3d7d7","30177","mainnet"
"Kava Mainnet","2222","Stargate","STG","Stargate","OFT","0x83c30eb8bc9ad7c56532895840039e62659896ea","0x83c30eb8bc9ad7c56532895840039e62659896ea","30177","mainnet"
"Kava Mainnet","2222","Ethena","sUSDe","Ethena","OFT","0x211cc4dd073734da055fbf44a2b4667d5e5fe5d2","0x211cc4dd073734da055fbf44a2b4667d5e5fe5d2","30177","mainnet"
"Kava Mainnet","2222","Ethena","USDe","Ethena","OFT","0x5d3a1ff2b6bab83b63cd9ad0787074081a52ef34","0x5d3a1ff2b6bab83b63cd9ad0787074081a52ef34","30177","mainnet"
"Kava Mainnet","2222","USDt","USDt","Stargate","StargatePool","0x41A5b0470D96656Fb3e8f68A218b39AdBca3420b","0x919C1c267BC06a7039e03fcc2eF738525769109c","30177","mainnet"
"Kava Mainnet","2222","WAGMI","WAGMI","WAGMI","OFT","0xaf20f5f19698f1d19351028cd7103b63d30de7d7","0xaf20f5f19698f1d19351028cd7103b63d30de7d7","30177","mainnet"
"Lightlink Mainnet","1890","ETH","ETH","Stargate","StargatePool","0x8731d54E9D02c286767d56ac03e8037C07e01e98","0x0000000000000000000000000000000000000000","30309","mainnet"
"Lightlink Mainnet","1890","LightLink","LL","LightLink","OFTAdapter","0x5a1deef18e1ddb939bb298787896e45b5988243c","0x5a1deef18e1ddb939bb298787896e45b5988243c","30309","mainnet"
"Lightlink Mainnet","1890","USDC.e","USDC.e","Stargate","StargateOFT","0x8EE21165Ecb7562BA716c9549C1dE751282b9B33","0xbCF8C1B03bBDDA88D579330BDF236B58F8bb2cFd","30309","mainnet"
"Lightlink Mainnet","1890","USDT","USDT","Stargate","StargateOFT","0x06D538690AF257Da524f25D0CD52fD85b1c2173E","0x808d7c71ad2ba3FA531b068a2417C63106BC0949","30309","mainnet"
"Linea Mainnet","59144","ETH","ETH","Stargate","StargatePool","0x81F6138153d473E8c5EcebD3DC8Cd4903506B075","0x0000000000000000000000000000000000000000","30183","mainnet"
"Lisk Mainnet","1135","Stargate","USD₮0.s","Stargate","OFTAdapter","0xfd1e52ac0203b63c6628baa53f242c8ba952fe91","0xfd1e52ac0203b63c6628baa53f242c8ba952fe91","30321","mainnet"
"Lisk Mainnet","1135","Wild Goat Coin","WGC","Wild Goat Coin","OFT","0x3d63825b0d8669307366e6c8202f656b9e91d368","0x3d63825b0d8669307366e6c8202f656b9e91d368","30321","mainnet"
"Manta Pacific Mainnet","169","Ethena","ENA","Ethena","OFT","0x58538e6a46e07434d7e7375bc268d3cb839c0133","0x58538e6a46e07434d7e7375bc268d3cb839c0133","30217","mainnet"
"Manta Pacific Mainnet","169","ETH","ETH","Stargate","StargatePool","0x9895D81bB462A195b4922ED7De0e3ACD007c32CB","0x0000000000000000000000000000000000000000","30217","mainnet"
"Manta Pacific Mainnet","169","KiloEx","KILO","KiloEx","OFT","0x9ff59ffc463736520aa465b2ca9c5d047be919ba","0x9ff59ffc463736520aa465b2ca9c5d047be919ba","30217","mainnet"
"Manta Pacific Mainnet","169","Manta Network","Manta mBTC","Manta Network","OFTAdapter","0x560eff0dd24c90f6a090a9dd5b64701de6416627","0x560eff0dd24c90f6a090a9dd5b64701de6416627","30217","mainnet"
"Manta Pacific Mainnet","169","Manta Network","Manta mETH","Manta Network","OFTAdapter","0x0dd209540aab669bd5bfee6e1f3b12595939c55e","0x0dd209540aab669bd5bfee6e1f3b12595939c55e","30217","mainnet"
"Manta Pacific Mainnet","169","Manta Network","mUSD","Manta Network","OFTAdapter","0x3fa1993e14133a019db6da85fde3779998d8aa2c","0x3fa1993e14133a019db6da85fde3779998d8aa2c","30217","mainnet"
"Manta Pacific Mainnet","169","Kelp DAO","rsETH","Kelp DAO","OFT","0x4186bfc76e2e237523cbc30fd220fe055156b41f","0x4186bfc76e2e237523cbc30fd220fe055156b41f","30217","mainnet"
"Manta Pacific Mainnet","169","Ethena","sUSDe","Ethena","OFT","0x211cc4dd073734da055fbf44a2b4667d5e5fe5d2","0x211cc4dd073734da055fbf44a2b4667d5e5fe5d2","30217","mainnet"
"Manta Pacific Mainnet","169","Ethena","USDe","Ethena","OFT","0x5d3a1ff2b6bab83b63cd9ad0787074081a52ef34","0x5d3a1ff2b6bab83b63cd9ad0787074081a52ef34","30217","mainnet"
"Manta Pacific Mainnet","169","Bifrost","vMANTA","Bifrost","OFT","0x7746ef546d562b443ae4b4145541a3b1a3d75717","0x7746ef546d562b443ae4b4145541a3b1a3d75717","30217","mainnet"
"Manta Pacific Mainnet","169","Zerolend","ZERO","Zerolend","OFT","0xfcca0098e740ce6d87e372717b210f5e2c27159d","0xfcca0098e740ce6d87e372717b210f5e2c27159d","30217","mainnet"
"Mantle Mainnet","5000","Bombie","BOMB","Bombie","OFTAdapter","0xd115c0e156fe1cea7645de017dd215cec5d86cb7","0xd115c0e156fe1cea7645de017dd215cec5d86cb7","30181","mainnet"
"Mantle Mainnet","5000","Debox","BOX","Debox","OFT","0x3d142cdb27b537af57a55ee8f54ada953b4b9ecd","0x3d142cdb27b537af57a55ee8f54ada953b4b9ecd","30181","mainnet"
"Mantle Mainnet","5000","mETH Protocol","cmETH","mETH Protocol","OFT","0xe6829d9a7ee3040e1276fa75293bde931859e8fa","0xe6829d9a7ee3040e1276fa75293bde931859e8fa","30181","mainnet"
"Mantle Mainnet","5000","mETH Protocol","COOK","mETH Protocol","OFT","0x9f0c013016e8656bc256f948cd4b79ab25c7b94d","0x9f0c013016e8656bc256f948cd4b79ab25c7b94d","30181","mainnet"
"Mantle Mainnet","5000","Coq Inu","COQ","Coq Inu","OFT","0x420fca0121dc28039145009570975747295f2329","0x420fca0121dc28039145009570975747295f2329","30181","mainnet"
"Mantle Mainnet","5000","Ethena","ENA","Ethena","OFT","0x58538e6a46e07434d7e7375bc268d3cb839c0133","0x58538e6a46e07434d7e7375bc268d3cb839c0133","30181","mainnet"
"Mantle Mainnet","5000","Impossible Finance","IDIA","Impossible Finance","OFT","0x08d1099101de99b14c68975222a235b63e6b8c91","0x08d1099101de99b14c68975222a235b63e6b8c91","30181","mainnet"
"Mantle Mainnet","5000","LFJ","JOE","LFJ","OFT","0x371c7ec6d8039ff7933a2aa28eb827ffe1f52f07","0x371c7ec6d8039ff7933a2aa28eb827ffe1f52f07","30181","mainnet"
"Mantle Mainnet","5000","mETH","mETH","Stargate","StargatePool","0xF7628d84a2BbD9bb9c8E686AC95BB5d55169F3F1","0xcDA86A272531e8640cD7F1a92c01839911B90bb0","30181","mainnet"
"Mantle Mainnet","5000","Pichi Finance","PCH","Pichi Finance","OFT","0xbe5acfd64358805616b5cbd5277b9a85011d7cf1","0xbe5acfd64358805616b5cbd5277b9a85011d7cf1","30181","mainnet"
"Mantle Mainnet","5000","Puff The Dragon","Puff","Puff The Dragon","OFTAdapter","0xe6fa1be9daa660c99268f3f47fc193ba066a3aac","0xe6fa1be9daa660c99268f3f47fc193ba066a3aac","30181","mainnet"
"Mantle Mainnet","5000","Qi Dao","QI","Qi Dao","OFT","0xd3fdcb837dafdb7c9c3ebd48fe22a53f6dd3d7d7","0xd3fdcb837dafdb7c9c3ebd48fe22a53f6dd3d7d7","30181","mainnet"
"Mantle Mainnet","5000","Stargate","STG","Stargate","OFT","0x8731d54e9d02c286767d56ac03e8037c07e01e98","0x8731d54e9d02c286767d56ac03e8037c07e01e98","30181","mainnet"
"Mantle Mainnet","5000","Ethena","sUSDe","Ethena","OFT","0x211cc4dd073734da055fbf44a2b4667d5e5fe5d2","0x211cc4dd073734da055fbf44a2b4667d5e5fe5d2","30181","mainnet"
"Mantle Mainnet","5000","Techimproving","TECH","Techimproving","OFT","0xc752f7ceffd8a52e541b256d2c73e65f8bac60c7","0xc752f7ceffd8a52e541b256d2c73e65f8bac60c7","30181","mainnet"
"Mantle Mainnet","5000","Unicorn Fart Dust","UFD","Unicorn Fart Dust","OFT","0xfdfdfd005f127334f7c4eefef2252d2bf4b6e79e","0xfdfdfd005f127334f7c4eefef2252d2bf4b6e79e","30181","mainnet"
"Mantle Mainnet","5000","USDC","USDC","Stargate","StargatePool","0xAc290Ad4e0c891FDc295ca4F0a6214cf6dC6acDC","0x09Bc4E0D864854c6aFB6eB9A9cdF58aC190D0dF9","30181","mainnet"
"Mantle Mainnet","5000","Ethena","USDe","Ethena","OFT","0x5d3a1ff2b6bab83b63cd9ad0787074081a52ef34","0x5d3a1ff2b6bab83b63cd9ad0787074081a52ef34","30181","mainnet"
"Mantle Mainnet","5000","USDT","USDT","Stargate","StargatePool","0xB715B85682B731dB9D5063187C450095c91C57FC","0x201EBa5CC46D216Ce6DC03F6a759e8E766e956aE","30181","mainnet"
"Mantle Mainnet","5000","Ondo Finance","USDY","Ondo Finance","OFTAdapter","0x0be393dc46248e4285dc5caca3084bc7e9bfbb41","0x0be393dc46248e4285dc5caca3084bc7e9bfbb41","30181","mainnet"
"Mantle Mainnet","5000","WETH","WETH","Stargate","StargatePool","0x4c1d3Fc3fC3c177c3b633427c2F769276c547463","0xdEAddEaDdeadDEadDEADDEAddEADDEAddead1111","30181","mainnet"
"Mantle Mainnet","5000","Wild Goat Coin","WGC","Wild Goat Coin","OFT","0xc53ac24320e3a54c7211e4993c8095078a0cb3cf","0xc53ac24320e3a54c7211e4993c8095078a0cb3cf","30181","mainnet"
"Mantle Mainnet","5000","YieldNest","ynETHx","YieldNest","OFTAdapter","0xbe82cbe217bf4e0a87dd88c552e93054f4ef2c7c","0xbe82cbe217bf4e0a87dd88c552e93054f4ef2c7c","30181","mainnet"
"Metis Mainnet","1088","HeyAnon","Anon","HeyAnon","OFT","0x79bbf4508b1391af3a0f4b30bb5fc4aa9ab0e07c","0x79bbf4508b1391af3a0f4b30bb5fc4aa9ab0e07c","30151","mainnet"
"Metis Mainnet","1088","Ethena","ENA","Ethena","OFT","0x58538e6a46e07434d7e7375bc268d3cb839c0133","0x58538e6a46e07434d7e7375bc268d3cb839c0133","30151","mainnet"
"Metis Mainnet","1088","Frax Finance","FPI","Frax Finance","OFT","0xe41228a455700caf09e551805a8ab37caa39d08c","0xe41228a455700caf09e551805a8ab37caa39d08c","30151","mainnet"
"Metis Mainnet","1088","Frax Finance","FRAX","Frax Finance","OFT","0x909dbde1ebe906af95660033e478d59efe831fed","0x909dbde1ebe906af95660033e478d59efe831fed","30151","mainnet"
"Metis Mainnet","1088","Frax Finance","frxETH","Frax Finance","OFT","0xf010a7c8877043681d59ad125ebf575633505942","0xf010a7c8877043681d59ad125ebf575633505942","30151","mainnet"
"Metis Mainnet","1088","Frax Finance","FXS (old)","Frax Finance","OFT","0x23432452b720c80553458496d4d9d7c5003280d0","0x23432452b720c80553458496d4d9d7c5003280d0","30151","mainnet"
"Metis Mainnet","1088","Hera Finance","HERA","Hera Finance","OFTAdapter","0x9c598da94c840147c9a1eabe1ae8df750674ddf6","0x9c598da94c840147c9a1eabe1ae8df750674ddf6","30151","mainnet"
"Metis Mainnet","1088","m.USDT","m.USDT","Stargate","StargatePool","0x4dCBFC0249e8d5032F89D6461218a9D2eFff5125","0xbB06DCA3AE6887fAbF931640f67cab3e3a16F4dC","30151","mainnet"
"Metis Mainnet","1088","Metis","Metis","Stargate","StargatePool","0xD9050e7043102a0391F81462a3916326F86331F0","0xDeadDeAddeAddEAddeadDEaDDEAdDeaDDeAD0000","30151","mainnet"
"Metis Mainnet","1088","Metis","METIS","Metis","NativeOFTAdapter","0xcecb301c2e2a04dd631428c386dd21db70716f8a","0xcecb301c2e2a04dd631428c386dd21db70716f8a","30151","mainnet"
"Metis Mainnet","1088","Metaverser","MTVT","Metaverser","OFT","0x52b4fc2ca0d9b194769ab9a3dc36c2c6831f2520","0x52b4fc2ca0d9b194769ab9a3dc36c2c6831f2520","30151","mainnet"
"Metis Mainnet","1088","Qi Dao","QI","Qi Dao","OFT","0xd3fdcb837dafdb7c9c3ebd48fe22a53f6dd3d7d7","0xd3fdcb837dafdb7c9c3ebd48fe22a53f6dd3d7d7","30151","mainnet"
"Metis Mainnet","1088","Frax Finance","sFRAX","Frax Finance","OFT","0xe4796ccb6bb5de2290c417ac337f2b66ca2e770e","0xe4796ccb6bb5de2290c417ac337f2b66ca2e770e","30151","mainnet"
"Metis Mainnet","1088","Frax Finance","sfrxETH","Frax Finance","OFT","0x1f55a02a049033e3419a8e2975cf3f572f4e6e9a","0x1f55a02a049033e3419a8e2975cf3f572f4e6e9a","30151","mainnet"
"Metis Mainnet","1088","Ethena","sUSDe","Ethena","OFT","0x211cc4dd073734da055fbf44a2b4667d5e5fe5d2","0x211cc4dd073734da055fbf44a2b4667d5e5fe5d2","30151","mainnet"
"Metis Mainnet","1088","Ethena","USDe","Ethena","OFT","0x5d3a1ff2b6bab83b63cd9ad0787074081a52ef34","0x5d3a1ff2b6bab83b63cd9ad0787074081a52ef34","30151","mainnet"
"Metis Mainnet","1088","WETH","WETH","Stargate","StargatePool","0x36ed193dc7160D3858EC250e69D12B03Ca087D08","0x420000000000000000000000000000000000000A","30151","mainnet"
"Mode Mainnet","34443","Redacted Finance","apxETH","Redacted Finance","OFT","0xcd615270ab3a7a3a262a4e49935d002278c76b78","0xcd615270ab3a7a3a262a4e49935d002278c76b78","30260","mainnet"
"Mode Mainnet","34443","Ethena","ENA","Ethena","OFT","0x58538e6a46e07434d7e7375bc268d3cb839c0133","0x58538e6a46e07434d7e7375bc268d3cb839c0133","30260","mainnet"
"Mode Mainnet","34443","Frax Finance","FPI","Frax Finance","OFT","0xeed9de5e41b53d1c8fab8aab4b0e446f828c1483","0xeed9de5e41b53d1c8fab8aab4b0e446f828c1483","30260","mainnet"
"Mode Mainnet","34443","Frax Finance","FRAX","Frax Finance","OFT","0x80eede496655fb9047dd39d9f418d5483ed600df","0x80eede496655fb9047dd39d9f418d5483ed600df","30260","mainnet"
"Mode Mainnet","34443","Frax Finance","frxETH","Frax Finance","OFT","0x43edd7f3831b08fe70b7555ddd373c8bf65a9050","0x43edd7f3831b08fe70b7555ddd373c8bf65a9050","30260","mainnet"
"Mode Mainnet","34443","Frax Finance","FXS","Frax Finance","OFT","0x64445f0aecc51e94ad52d8ac56b7190e764e561a","0x64445f0aecc51e94ad52d8ac56b7190e764e561a","30260","mainnet"
"Mode Mainnet","34443","Ironclad","ICL","Ironclad","OFTAdapter","0xa52e2bf962b714071064de9b5eea792ad39f4250","0xa52e2bf962b714071064de9b5eea792ad39f4250","30260","mainnet"
"Mode Mainnet","34443","Kim Exchange","KIM","Kim Exchange","OFTAdapter","0xf9eb1e5c227d55ac2dfd71f0d85d128c3fd6cd83","0xf9eb1e5c227d55ac2dfd71f0d85d128c3fd6cd83","30260","mainnet"
"Mode Mainnet","34443","Mode Network","MODE","Mode Network","OFTAdapter","0x6b7b1574bf0c612dd655144b8b39f50476bd4dea","0x6b7b1574bf0c612dd655144b8b39f50476bd4dea","30260","mainnet"
"Mode Mainnet","34443","Redacted Finance","pxETH","Redacted Finance","OFT","0x9e0d7d79735e1c63333128149c7b616a0dc0bbdb","0x9e0d7d79735e1c63333128149c7b616a0dc0bbdb","30260","mainnet"
"Mode Mainnet","34443","Kelp DAO","rsETH","Kelp DAO","OFT","0x4186bfc76e2e237523cbc30fd220fe055156b41f","0x4186bfc76e2e237523cbc30fd220fe055156b41f","30260","mainnet"
"Mode Mainnet","34443","Ethena","sUSDe","Ethena","OFT","0x211cc4dd073734da055fbf44a2b4667d5e5fe5d2","0x211cc4dd073734da055fbf44a2b4667d5e5fe5d2","30260","mainnet"
"Mode Mainnet","34443","Stargate","USD₮0.s","Stargate","OFTAdapter","0x768f5787a6f02a60ae9370152bf93b3312341ad7","0x768f5787a6f02a60ae9370152bf93b3312341ad7","30260","mainnet"
"Mode Mainnet","34443","Ethena","USDe","Ethena","OFT","0x5d3a1ff2b6bab83b63cd9ad0787074081a52ef34","0x5d3a1ff2b6bab83b63cd9ad0787074081a52ef34","30260","mainnet"
"Mode Mainnet","34443","Ether.Fi","weETH","Ether.Fi","OFT","0x04c0599ae5a44757c0af6f9ec3b93da8976c150a","0x04c0599ae5a44757c0af6f9ec3b93da8976c150a","30260","mainnet"
"Mode Mainnet","34443","Wild Goat Coin","WGC","Wild Goat Coin","OFT","0x3d63825b0d8669307366e6c8202f656b9e91d368","0x3d63825b0d8669307366e6c8202f656b9e91d368","30260","mainnet"
"Moonbeam Mainnet","1284","Qi Dao","QI","Qi Dao","OFT","0xd3fdcb837dafdb7c9c3ebd48fe22a53f6dd3d7d7","0xd3fdcb837dafdb7c9c3ebd48fe22a53f6dd3d7d7","30126","mainnet"
"Moonbeam Mainnet","1284","Bifrost","vMANTA","Bifrost","OFTAdapter","0xdebbb9309d95dabbfb82411a9c6daa3909b164a4","0xdebbb9309d95dabbfb82411a9c6daa3909b164a4","30126","mainnet"
"Moonriver Mainnet","1285","Abracadabra Money","MIM","Abracadabra Money","OFTAdapter","0xef2dbdfec54c466f7ff92c9c5c75abb6794f0195","0xef2dbdfec54c466f7ff92c9c5c75abb6794f0195","30167","mainnet"
"Morph Mainnet","2818","Ethena","ENA","Ethena","OFT","0x58538e6a46e07434d7e7375bc268d3cb839c0133","0x58538e6a46e07434d7e7375bc268d3cb839c0133","30322","mainnet"
"Morph Mainnet","2818","Lombard","LBTC","Lombard","OFTAdapter","0x2e1871fc8ac793dcf2a74ce004ee21d913763565","0x2e1871fc8ac793dcf2a74ce004ee21d913763565","30322","mainnet"
"Morph Mainnet","2818","Ethena","sUSDe","Ethena","OFT","0x211cc4dd073734da055fbf44a2b4667d5e5fe5d2","0x211cc4dd073734da055fbf44a2b4667d5e5fe5d2","30322","mainnet"
"Morph Mainnet","2818","Ethena","USDe","Ethena","OFT","0x5d3a1ff2b6bab83b63cd9ad0787074081a52ef34","0x5d3a1ff2b6bab83b63cd9ad0787074081a52ef34","30322","mainnet"
"Morph Mainnet","2818","Ether.Fi","weETH","Ether.Fi","OFT","0x7dcc39b4d1c53cb31e1abc0e358b43987fef80f7","0x7dcc39b4d1c53cb31e1abc0e358b43987fef80f7","30322","mainnet"
"Near Aurora Mainnet","1313161554","USDC","USDC","Stargate","StargatePool","0x81F6138153d473E8c5EcebD3DC8Cd4903506B075","0x368EBb46ACa6b8D0787C96B2b20bD3CC3F2c45F7","30211","mainnet"
"Nibiru Mainnet","6900","Nibiru Chain","stNIBI","Nibiru Chain","OFTAdapter","0x76181c8945e8cf41b08784a6b67510388fe3da03","0x76181c8945e8cf41b08784a6b67510388fe3da03","30369","mainnet"
"Nibiru Mainnet","6900","USDC.e","USDC.e","Stargate","StargateOFT","0x12a272A581feE5577A5dFa371afEB4b2F3a8C2F8","0x0829F361A05D993d5CEb035cA6DF3446b060970b","30369","mainnet"
"Nibiru Mainnet","6900","USDT","USDT","Stargate","StargateOFT","0xC16977205c53Cd854136031BD2128F75D6ff63C9","0x43F2376D5D03553aE72F4A8093bbe9de4336EB08","30369","mainnet"
"Nibiru Mainnet","6900","WETH","WETH","Stargate","StargateOFT","0x108f4c02C9fcDF862e5f5131054c50f13703f916","0xcdA5b77E2E2268D9E09c874c1b9A4c3F07b37555","30369","mainnet"
"Nibiru Mainnet","6900","Nibiru Chain","WNIBI","Nibiru Chain","OFTAdapter","0x4df4efa0a3707b6cc964f62042e8a303a0376f54","0x4df4efa0a3707b6cc964f62042e8a303a0376f54","30369","mainnet"
"Nibiru Mainnet","6900","YieldNest","ynETHx","YieldNest","OFTAdapter","0x2d1042904732a68076afca1a9ef05dd37da3d9b5","0x2d1042904732a68076afca1a9ef05dd37da3d9b5","30369","mainnet"
"opBNB Mainnet","204","PancakeSwap","CAKE","PancakeSwap","OFT","0x2779106e4f4a8a28d77a24c18283651a2ae22d1c","0x2779106e4f4a8a28d77a24c18283651a2ae22d1c","30202","mainnet"
"opBNB Mainnet","204","KiloEx","KILO","KiloEx","OFT","0x9ff59ffc463736520aa465b2ca9c5d047be919ba","0x9ff59ffc463736520aa465b2ca9c5d047be919ba","30202","mainnet"
"opBNB Mainnet","204","Wild Goat Coin","WGC","Wild Goat Coin","OFT","0xc53ac24320e3a54c7211e4993c8095078a0cb3cf","0xc53ac24320e3a54c7211e4993c8095078a0cb3cf","30202","mainnet"
"opBNB Mainnet","204","Venus Protocol","XVS","Venus Protocol","OFTAdapter","0x100d331c1b5dcd41eacb1eced0e83dcebf3498b2","0x100d331c1b5dcd41eacb1eced0e83dcebf3498b2","30202","mainnet"
"Optimism Mainnet","10","AltLayer","ALT","AltLayer","OFT","0x85af271d1dfcbf53486d996f61d7ff0bba5582ea","0x85af271d1dfcbf53486d996f61d7ff0bba5582ea","30111","mainnet"
"Optimism Mainnet","10","Redacted Finance","apxETH","Redacted Finance","OFT","0x16ed8e219cde31e14a80dcb6c9127a5ec6e88e46","0x16ed8e219cde31e14a80dcb6c9127a5ec6e88e46","30111","mainnet"
"Optimism Mainnet","10","Beethoven X","BEETS","Beethoven X","OFT","0xb4bc46bc6cb217b59ea8f4530bae26bf69f677f0","0xb4bc46bc6cb217b59ea8f4530bae26bf69f677f0","30111","mainnet"
"Optimism Mainnet","10","BTC.b","BTC.b","BTC.b","OFT","0x2297aebd383787a160dd0d9f71508148769342e3","0x2297aebd383787a160dd0d9f71508148769342e3","30111","mainnet"
"Optimism Mainnet","10","Cyber","CYBER","Cyber","OFTAdapter","0x9a9d5a29206dde4f70825032df32333de5f63921","0x9a9d5a29206dde4f70825032df32333de5f63921","30111","mainnet"
"Optimism Mainnet","10","Dinero","DINERO","Dinero","OFT","0x09d9420332bff75522a45fcff4855f82a0a3ff50","0x09d9420332bff75522a45fcff4855f82a0a3ff50","30111","mainnet"
"Optimism Mainnet","10","Ethena","ENA","Ethena","OFT","0x58538e6a46e07434d7e7375bc268d3cb839c0133","0x58538e6a46e07434d7e7375bc268d3cb839c0133","30111","mainnet"
"Optimism Mainnet","10","ETH","ETH","Stargate","StargatePool","0xe8CDF27AcD73a434D661C84887215F7598e7d0d3","0x0000000000000000000000000000000000000000","30111","mainnet"
"Optimism Mainnet","10","Frax Finance","FXS","Frax Finance","OFT","0x64445f0aecc51e94ad52d8ac56b7190e764e561a","0x64445f0aecc51e94ad52d8ac56b7190e764e561a","30111","mainnet"
"Optimism Mainnet","10","Interport Finance","ITP","Interport Finance","OFT","0x2b1d36f5b61addaf7da7ebbd11b35fd8cfb0de31","0x2b1d36f5b61addaf7da7ebbd11b35fd8cfb0de31","30111","mainnet"
"Optimism Mainnet","10","Kim Exchange","KIM","Kim Exchange","OFT","0x5d1942345d63562fd38d17c28dcd22e7b3e9cfb4","0x5d1942345d63562fd38d17c28dcd22e7b3e9cfb4","30111","mainnet"
"Optimism Mainnet","10","Lagrange","LA","Lagrange","OFT","0x0fc2a55d5bd13033f1ee0cdd11f60f7efe66f467","0x0fc2a55d5bd13033f1ee0cdd11f60f7efe66f467","30111","mainnet"
"Optimism Mainnet","10","Abracadabra Money","MIM","Abracadabra Money","OFTAdapter","0x48686c24697fe9042531b64d792304e514e74339","0x48686c24697fe9042531b64d792304e514e74339","30111","mainnet"
"Optimism Mainnet","10","Prisma Finance","mkUSD","Prisma Finance","OFT","0x4591dbff62656e7859afe5e45f6f47d3669fbb28","0x4591dbff62656e7859afe5e45f6f47d3669fbb28","30111","mainnet"
"Optimism Mainnet","10","Mode Network","MODE","Mode Network","OFT","0x084382d1cc4f4dfd1769b1cc1ac2a9b1f8365e90","0x084382d1cc4f4dfd1769b1cc1ac2a9b1f8365e90","30111","mainnet"
"Optimism Mainnet","10","MyOFT2","MOFT2","MyOFT2","OFT","0x32af9ed768b48745a8e805fbce5616d0bd9868cf","0x32af9ed768b48745a8e805fbce5616d0bd9868cf","30111","mainnet"
"Optimism Mainnet","10","Metronome","msETH","Metronome","OFTAdapter","0x95dcff2bfd19af97267b8c9d516206dcc87eecdd","0x95dcff2bfd19af97267b8c9d516206dcc87eecdd","30111","mainnet"
"Optimism Mainnet","10","Metronome","msUSD","Metronome","OFTAdapter","0xc2c433d36d7184192e442a243b351a9e3055fd5f","0xc2c433d36d7184192e442a243b351a9e3055fd5f","30111","mainnet"
"Optimism Mainnet","10","GMX","OP","GMX","OFTAdapter","0xac800fd6159c2a2cb8fc31ef74621eb430287a5a","0xac800fd6159c2a2cb8fc31ef74621eb430287a5a","30111","mainnet"
"Optimism Mainnet","10","Orderly Network","ORDER","Orderly Network","OFT","0x4e200fe2f3efb977d5fd9c430a41531fb04d97b8","0x4e200fe2f3efb977d5fd9c430a41531fb04d97b8","30111","mainnet"
"Optimism Mainnet","10","Osaka Protocol","OSAK","Osaka Protocol","OFT","0xbfd5206962267c7b4b4a8b3d76ac2e1b2a5c4d5e","0xbfd5206962267c7b4b4a8b3d76ac2e1b2a5c4d5e","30111","mainnet"
"Optimism Mainnet","10","Redacted Finance","pxETH","Redacted Finance","OFT","0x300d2c875c6fb8ce4bf5480b4d34b7c9ea8a33a4","0x300d2c875c6fb8ce4bf5480b4d34b7c9ea8a33a4","30111","mainnet"
"Optimism Mainnet","10","Qi Dao","QI","Qi Dao","OFT","0xd3fdcb837dafdb7c9c3ebd48fe22a53f6dd3d7d7","0xd3fdcb837dafdb7c9c3ebd48fe22a53f6dd3d7d7","30111","mainnet"
"Optimism Mainnet","10","Reunit Wallet","REUNI","Reunit Wallet","OFT","0x9ed7e4b1bff939ad473da5e7a218c771d1569456","0x9ed7e4b1bff939ad473da5e7a218c771d1569456","30111","mainnet"
"Optimism Mainnet","10","Kelp DAO","rsETH","Kelp DAO","OFT","0x4186bfc76e2e237523cbc30fd220fe055156b41f","0x4186bfc76e2e237523cbc30fd220fe055156b41f","30111","mainnet"
"Optimism Mainnet","10","Brale","SBC","Brale","OFTAdapter","0xb9d852a3f9b3a82e243faab0272604102a111e1a","0xb9d852a3f9b3a82e243faab0272604102a111e1a","30111","mainnet"
"Optimism Mainnet","10","Dinero","sDINERO","Dinero","OFT","0xc5ecb8c506898bd5eeec63c5f69c7819e37084b8","0xc5ecb8c506898bd5eeec63c5f69c7819e37084b8","30111","mainnet"
"Optimism Mainnet","10","Stargate","STG","Stargate","OFT","0x296f55f8fb28e498b858d0bcda06d955b2cb3f97","0x296f55f8fb28e498b858d0bcda06d955b2cb3f97","30111","mainnet"
"Optimism Mainnet","10","Ethena","sUSDe","Ethena","OFT","0x211cc4dd073734da055fbf44a2b4667d5e5fe5d2","0x211cc4dd073734da055fbf44a2b4667d5e5fe5d2","30111","mainnet"
"Optimism Mainnet","10","Tenet","TENET","Tenet","OFT","0x788d86e00ab31db859c3d6b80d5a9375801d7f2a","0x788d86e00ab31db859c3d6b80d5a9375801d7f2a","30111","mainnet"
"Optimism Mainnet","10","Arbitrove Protocol","TROVE","Arbitrove Protocol","OFT","0x348fdfe2c35934a96c1353185f09d0f9efbada86","0x348fdfe2c35934a96c1353185f09d0f9efbada86","30111","mainnet"
"Optimism Mainnet","10","Stargate","USD₮0.s","Stargate","OFTAdapter","0x8efbdff3bae9a3ed3c0ac7ad86bebf9aee46086f","0x8efbdff3bae9a3ed3c0ac7ad86bebf9aee46086f","30111","mainnet"
"Optimism Mainnet","10","USDC","USDC","Stargate","StargatePool","0xcE8CcA271Ebc0533920C83d39F417ED6A0abB7D0","0x0b2C639c533813f4Aa9D7837CAf62653d097Ff85","30111","mainnet"
"Optimism Mainnet","10","Ethena","USDe","Ethena","OFT","0x5d3a1ff2b6bab83b63cd9ad0787074081a52ef34","0x5d3a1ff2b6bab83b63cd9ad0787074081a52ef34","30111","mainnet"
"Optimism Mainnet","10","USDT","USDT","Stargate","StargatePool","0x19cFCE47eD54a88614648DC3f19A5980097007dD","0x94b008aA00579c1307B0EF2c499aD98a8ce58e58","30111","mainnet"
"Optimism Mainnet","10","USDT0","USDT0","USDT0","OFTAdapter","0xf03b4d9ac1d5d1e7c4cef54c2a313b9fe051a0ad","0xf03b4d9ac1d5d1e7c4cef54c2a313b9fe051a0ad","30111","mainnet"
"Optimism Mainnet","10","Vana","VANA","Vana","OFT","0x7ff7fa94b8b66ef313f7970d4eebd2cb3103a2c0","0x7ff7fa94b8b66ef313f7970d4eebd2cb3103a2c0","30111","mainnet"
"Optimism Mainnet","10","WAGMI","WAGMI","WAGMI","OFT","0xaf20f5f19698f1d19351028cd7103b63d30de7d7","0xaf20f5f19698f1d19351028cd7103b63d30de7d7","30111","mainnet"
"Optimism Mainnet","10","wBTC","WBTC","wBTC","OFTAdapter","0xc3f854b2970f8727d28527ece33176fac67fef48","0xc3f854b2970f8727d28527ece33176fac67fef48","30111","mainnet"
"Optimism Mainnet","10","Ether.Fi","weETH","Ether.Fi","OFT","0x5a7facb970d094b6c7ff1df0ea68d99e6e73cbff","0x5a7facb970d094b6c7ff1df0ea68d99e6e73cbff","30111","mainnet"
"Optimism Mainnet","10","Wild Goat Coin","WGC","Wild Goat Coin","OFT","0x3d63825b0d8669307366e6c8202f656b9e91d368","0x3d63825b0d8669307366e6c8202f656b9e91d368","30111","mainnet"
"Optimism Mainnet","10","KernelDAO","ynBTCk","KernelDAO","OFTAdapter","0xfd72fbb61798f3bcb707f5ba98cb72a87cca02a2","0xfd72fbb61798f3bcb707f5ba98cb72a87cca02a2","30111","mainnet"
"Optimism Mainnet","10","YieldNest","YND","YieldNest","OFTAdapter","0xc099ab708e20e8b25c63ca156d7cc94404c55416","0xc099ab708e20e8b25c63ca156d7cc94404c55416","30111","mainnet"
"Optimism Mainnet","10","YieldNest","ynETHx","YieldNest","OFTAdapter","0xbe82cbe217bf4e0a87dd88c552e93054f4ef2c7c","0xbe82cbe217bf4e0a87dd88c552e93054f4ef2c7c","30111","mainnet"
"Optimism Mainnet","10","ZRO Token","ZRO","ZRO Token","OFT","0x6985884c4392d348587b19cb9eaaf157f13271cd","0x6985884c4392d348587b19cb9eaaf157f13271cd","30111","mainnet"
"Orderly Mainnet","291","USDC.e","USDC.e","Stargate","StargateOFT","0xd027aFcc69ffA2bCB288BA68da6B71EC90d7B1d2","0xda6087E69C51E7D31b6DBAD276a3c44703DFdCAd","30213","mainnet"
"Peaq Mainnet","3338","ANyONe Protocol","ANYONE","ANyONe Protocol","OFT","0xe67f39fbe8c24ef8b3542efed1ee9963cefc1f2a","0xe67f39fbe8c24ef8b3542efed1ee9963cefc1f2a","30302","mainnet"
"Peaq Mainnet","3338","AUKI","AUKI","AUKI","OFT","0xf67db9d00401d9e883208882f5c100d7482b083d","0xf67db9d00401d9e883208882f5c100d7482b083d","30302","mainnet"
"Peaq Mainnet","3338","Xmaquina","DEUS","Xmaquina","OFT","0x940a319b75861014a220d9c6c144d108552b089b","0x940a319b75861014a220d9c6c144d108552b089b","30302","mainnet"
"Peaq Mainnet","3338","Over the Reality","OVR","Over the Reality","OFT","0x08e6d50169863fd9beb88687ce1573cf9d6d1484","0x08e6d50169863fd9beb88687ce1573cf9d6d1484","30302","mainnet"
"Peaq Mainnet","3338","Peaq","PEAQ","Peaq","OFTAdapter","0xe4103e80c967f58591a1d7ca443ed7e392fed862","0xe4103e80c967f58591a1d7ca443ed7e392fed862","30302","mainnet"
"Peaq Mainnet","3338","Silencio","SLC","Silencio","OFTAdapter","0x7fa16ced60019ade15edd0cdb03d689d557b6d1e","0x7fa16ced60019ade15edd0cdb03d689d557b6d1e","30302","mainnet"
"Peaq Mainnet","3338","USDC","USDC","Stargate","StargateOFT","0x5c1a97C144A97E9b370F833a06c70Ca8F2f30DE5","0xbbA60da06c2c5424f03f7434542280FCAd453d10","30302","mainnet"
"Peaq Mainnet","3338","USDT","USDT","Stargate","StargateOFT","0x07cd5A2702394E512aaaE54f7a250ea0576E5E8C","0xf4D9235269a96aaDaFc9aDAe454a0618eBE37949","30302","mainnet"
"Peaq Mainnet","3338","WETH","WETH","Stargate","StargateOFT","0xe7Ec689f432f29383f217e36e680B5C855051f25","0x6694340fc020c5E6B96567843da2df01b2CE1eb6","30302","mainnet"
"Plasma Mainnet","9745","WETH","WETH","Stargate","StargateOFT","0x0cEb237E109eE22374a567c6b09F373C73FA4cBb","0x9895D81bB462A195b4922ED7De0e3ACD007c32CB","30383","mainnet"
"Plume Mainnet","98866","EURC.e","EURC.e","Stargate","StargateOFT","0x5e2519045B5e38863c879c694fb0811dba333a60","0x94DaD7d9f37C815Eb4dDC611E6460CC5F6617fA0","30370","mainnet"
"Plume Mainnet","98866","Plume","PayUSD","Plume","OFT","0xe9e8330a71912f03e54e7d93795acd9a56f070aa","0xe9e8330a71912f03e54e7d93795acd9a56f070aa","30370","mainnet"
"Plume Mainnet","98866","Music Protocol","RECORD","Music Protocol","OFT","0x3c48130227b657630e5d30f136a8cbb110640aa5","0x3c48130227b657630e5d30f136a8cbb110640aa5","30370","mainnet"
"Plume Mainnet","98866","Reservoir","rUSD","Reservoir","OFT","0x09d4214c03d01f49544c0448dbe3a27f768f2b34","0x09d4214c03d01f49544c0448dbe3a27f768f2b34","30370","mainnet"
"Plume Mainnet","98866","RWAX Exchange","RWAX","RWAX Exchange","OFT","0xd88ec8396e7b9731a2c0d564d520bee427b4b5e5","0xd88ec8396e7b9731a2c0d564d520bee427b4b5e5","30370","mainnet"
"Plume Mainnet","98866","BIMA","USBD","BIMA","OFT","0x6bede1c6009a78c222d9bdb7974bb67847fdb68c","0x6bede1c6009a78c222d9bdb7974bb67847fdb68c","30370","mainnet"
"Plume Mainnet","98866","USDC.e","USDC.e","Stargate","StargateOFT","0x9909fa99b7F7ee7F1c0CBf133f411D43083631E6","0x78adD880A697070c1e765Ac44D65323a0DcCE913","30370","mainnet"
"Plume Mainnet","98866","USDT","USDT","Stargate","StargateOFT","0x2D870D17e640eD6c057afBAA0DF56B8DEa5Cf2F6","0xda6087E69C51E7D31b6DBAD276a3c44703DFdCAd","30370","mainnet"
"Plume Mainnet","98866","WETH","WETH","Stargate","StargateOFT","0x4683CE822272CD66CEa73F5F1f9f5cBcaEF4F066","0xca59cA09E5602fAe8B629DeE83FfA819741f14be","30370","mainnet"
"Plume Mainnet","98866","Resolv Labs","wsrUSD","Resolv Labs","OFT","0x0bbcc2c1991d0af8ec6a5ed922e6f5606923fe15","0x0bbcc2c1991d0af8ec6a5ed922e6f5606923fe15","30370","mainnet"
"Polygon Mainnet","137","ApeBond","ABOND","ApeBond","OFT","0xe6828d65bf5023ae1851d90d8783cc821ba7eee1","0xe6828d65bf5023ae1851d90d8783cc821ba7eee1","30109","mainnet"
"Polygon Mainnet","137","AltLayer","ALT","AltLayer","OFT","0x85af271d1dfcbf53486d996f61d7ff0bba5582ea","0x85af271d1dfcbf53486d996f61d7ff0bba5582ea","30109","mainnet"
"Polygon Mainnet","137","Permission","ASK","Permission","OFTAdapter","0xbb146326778227a8498b105a18f84e0987a684b4","0xbb146326778227a8498b105a18f84e0987a684b4","30109","mainnet"
"Polygon Mainnet","137","Phantom Galaxies","ASTRAFER","Phantom Galaxies","OFTAdapter","0xa7f18d7a493c80378253b8129cbcfdfa85ddb7c8","0xa7f18d7a493c80378253b8129cbcfdfa85ddb7c8","30109","mainnet"
"Polygon Mainnet","137","BetSwirl","BETS","BetSwirl","OFTAdapter","0xcf3f8622319ace86f1e877f4bf3f586329cdded8","0xcf3f8622319ace86f1e877f4bf3f586329cdded8","30109","mainnet"
"Polygon Mainnet","137","BONSAI","BONSAI","BONSAI","OFTAdapter","0x303b63e785b656ca56ea5a5c1634ab20c98895e1","0x303b63e785b656ca56ea5a5c1634ab20c98895e1","30109","mainnet"
"Polygon Mainnet","137","BTC.b","BTC.b","BTC.b","OFT","0x2297aebd383787a160dd0d9f71508148769342e3","0x2297aebd383787a160dd0d9f71508148769342e3","30109","mainnet"
"Polygon Mainnet","137","crow with knife","CAW","crow with knife","OFTAdapter","0x74897ef1b152e5a733d797cab5cee383fe052c56","0x74897ef1b152e5a733d797cab5cee383fe052c56","30109","mainnet"
"Polygon Mainnet","137","COCA Wallet","COCA","COCA Wallet","OFTAdapter","0x283fba7a6e3a2fcf3a887f22ff6bdf202d446f5f","0x283fba7a6e3a2fcf3a887f22ff6bdf202d446f5f","30109","mainnet"
"Polygon Mainnet","137","CV AGENTLAUNCHER Token","CVAI","CV AGENTLAUNCHER Token","OFT","0x6b34d1c35689dba179c2eddf6a01530bbb1d28a8","0x6b34d1c35689dba179c2eddf6a01530bbb1d28a8","30109","mainnet"
"Polygon Mainnet","137","FARCANA","FAR","FARCANA","OFTAdapter","0x1a53f62a8eeee5cea2aa822dd0c8b5ed1ff20159","0x1a53f62a8eeee5cea2aa822dd0c8b5ed1ff20159","30109","mainnet"
"Polygon Mainnet","137","Sunflower Land","FLOWER","Sunflower Land","OFT","0x3e12b9d6a4d12cd9b4a6d613872d0eb32f68b380","0x3e12b9d6a4d12cd9b4a6d613872d0eb32f68b380","30109","mainnet"
"Polygon Mainnet","137","Frax Finance","FXS","Frax Finance","OFT","0x64445f0aecc51e94ad52d8ac56b7190e764e561a","0x64445f0aecc51e94ad52d8ac56b7190e764e561a","30109","mainnet"
"Polygon Mainnet","137","FSL Ecosystem","GGUSD","FSL Ecosystem","OFTAdapter","0xffffff003605c71c2981d0ded6182b762d25a6e5","0xffffff003605c71c2981d0ded6182b762d25a6e5","30109","mainnet"
"Polygon Mainnet","137","Blockchainspace","GUILD","Blockchainspace","OFT","0xaff41da975501e5b71848c975834341777d1a473","0xaff41da975501e5b71848c975834341777d1a473","30109","mainnet"
"Polygon Mainnet","137","Impossible Finance","IDIA","Impossible Finance","OFT","0x8255775bea425f910044ddfb7681d6d87fd5489d","0x8255775bea425f910044ddfb7681d6d87fd5489d","30109","mainnet"
"Polygon Mainnet","137","Interport Finance","ITP","Interport Finance","OFT","0x2b1d36f5b61addaf7da7ebbd11b35fd8cfb0de31","0x2b1d36f5b61addaf7da7ebbd11b35fd8cfb0de31","30109","mainnet"
"Polygon Mainnet","137","Lagrange","LA","Lagrange","OFT","0x0fc2a55d5bd13033f1ee0cdd11f60f7efe66f467","0x0fc2a55d5bd13033f1ee0cdd11f60f7efe66f467","30109","mainnet"
"Polygon Mainnet","137","Lif3","LIF3","Lif3","OFT","0x110b25d2b21ee73eb401f3ae7833f7072912a0bf","0x110b25d2b21ee73eb401f3ae7833f7072912a0bf","30109","mainnet"
"Polygon Mainnet","137","Lif3","LSHARE","Lif3","OFT","0x5eab32fe1d104ce0c5436fedc3433b646096e47c","0x5eab32fe1d104ce0c5436fedc3433b646096e47c","30109","mainnet"
"Polygon Mainnet","137","Abracadabra Money","MIM","Abracadabra Money","OFTAdapter","0xca0d86afc25c57a6d2acdf331cabd4c9cee05533","0xca0d86afc25c57a6d2acdf331cabd4c9cee05533","30109","mainnet"
"Polygon Mainnet","137","MyOFT2","MOFT2","MyOFT2","OFT","0x32af9ed768b48745a8e805fbce5616d0bd9868cf","0x32af9ed768b48745a8e805fbce5616d0bd9868cf","30109","mainnet"
"Polygon Mainnet","137","Mojo AI","MOJO","Mojo AI","OFT","0xed2d13a70acbd61074fc56bd0d0845e35f793e5e","0xed2d13a70acbd61074fc56bd0d0845e35f793e5e","30109","mainnet"
"Polygon Mainnet","137","OmniCat","OMNI","OmniCat","OFT","0x9e20461bc2c4c980f62f1b279d71734207a6a356","0x9e20461bc2c4c980f62f1b279d71734207a6a356","30109","mainnet"
"Polygon Mainnet","137","Orderly Network","ORDER","Orderly Network","OFT","0x4e200fe2f3efb977d5fd9c430a41531fb04d97b8","0x4e200fe2f3efb977d5fd9c430a41531fb04d97b8","30109","mainnet"
"Polygon Mainnet","137","Osaka Protocol","OSAK","Osaka Protocol","OFT","0x11cd72f7a4b699c67f225ca8abb20bc9f8db90c7","0x11cd72f7a4b699c67f225ca8abb20bc9f8db90c7","30109","mainnet"
"Polygon Mainnet","137","OX.Fun","OX","OX.Fun","OFT","0xba0dda8762c24da9487f5fa026a9b64b695a07ea","0xba0dda8762c24da9487f5fa026a9b64b695a07ea","30109","mainnet"
"Polygon Mainnet","137","Open Exchange","OX.old","Open Exchange","OFT","0x78a0a62fba6fb21a83fe8a3433d44c73a4017a6f","0x78a0a62fba6fb21a83fe8a3433d44c73a4017a6f","30109","mainnet"
"Polygon Mainnet","137","Primex Finance","PMX","Primex Finance","OFT","0x0b3eaead748facdb9d943d3407011f16eb17d0cf","0x0b3eaead748facdb9d943d3407011f16eb17d0cf","30109","mainnet"
"Polygon Mainnet","137","Qi Dao","QI","Qi Dao","OFT","0xd3fdcb837dafdb7c9c3ebd48fe22a53f6dd3d7d7","0xd3fdcb837dafdb7c9c3ebd48fe22a53f6dd3d7d7","30109","mainnet"
"Polygon Mainnet","137","DappRadar","RADAR","DappRadar","OFTAdapter","0x1713bd4cd1b8f0342c48fbd68658605346386324","0x1713bd4cd1b8f0342c48fbd68658605346386324","30109","mainnet"
"Polygon Mainnet","137","Reunit Wallet","REUNI","Reunit Wallet","OFT","0x9ed7e4b1bff939ad473da5e7a218c771d1569456","0x9ed7e4b1bff939ad473da5e7a218c771d1569456","30109","mainnet"
"Polygon Mainnet","137","Brale","SBC","Brale","OFTAdapter","0xb9d852a3f9b3a82e243faab0272604102a111e1a","0xb9d852a3f9b3a82e243faab0272604102a111e1a","30109","mainnet"
"Polygon Mainnet","137","Sophon","SOPH","Sophon","OFT","0xeb971fd26783f32694dbb392dd7289de23109148","0xeb971fd26783f32694dbb392dd7289de23109148","30109","mainnet"
"Polygon Mainnet","137","Stargate","STG","Stargate","OFT","0x2f6f07cdcf3588944bf4c42ac74ff24bf56e7590","0x2f6f07cdcf3588944bf4c42ac74ff24bf56e7590","30109","mainnet"
"Polygon Mainnet","137","Nibiru Chain","stNIBI","Nibiru Chain","OFT","0xf6bf87f1bfa46a5b840804450d85965951197bbe","0xf6bf87f1bfa46a5b840804450d85965951197bbe","30109","mainnet"
"Polygon Mainnet","137","Tenet","TENET","Tenet","OFT","0x788d86e00ab31db859c3d6b80d5a9375801d7f2a","0x788d86e00ab31db859c3d6b80d5a9375801d7f2a","30109","mainnet"
"Polygon Mainnet","137","Telos","TLOS","Telos","OFT","0x193f4a4a6ea24102f49b931deeeb931f6e32405d","0x193f4a4a6ea24102f49b931deeeb931f6e32405d","30109","mainnet"
"Polygon Mainnet","137","Cryptopia","TOS","Cryptopia","OFT","0x50aa659e6ab263b77d61ff44cf4a1090141e7111","0x50aa659e6ab263b77d61ff44cf4a1090141e7111","30109","mainnet"
"Polygon Mainnet","137","Unbound Finance","UNB","Unbound Finance","OFT","0xb2e787c6c83d6d75f466371a2966b27a8b700828","0xb2e787c6c83d6d75f466371a2966b27a8b700828","30109","mainnet"
"Polygon Mainnet","137","USDC","USDC","Stargate","StargatePool","0x9Aa02D4Fae7F58b8E8f34c66E756cC734DAc7fe4","0x3c499c542cEF5E3811e1192ce70d8cC03d5c3359","30109","mainnet"
"Polygon Mainnet","137","USDT","USDT","Stargate","StargatePool","0xd47b03ee6d86Cf251ee7860FB2ACf9f91B9fD4d7","0xc2132D05D31c914a87C6611C10748AEb04B58e8F","30109","mainnet"
"Polygon Mainnet","137","USDT0","USDT0","USDT0","OFTAdapter","0x6ba10300f0dc58b7a1e4c0e41f5dabb7d7829e13","0x6ba10300f0dc58b7a1e4c0e41f5dabb7d7829e13","30109","mainnet"
"Polygon Mainnet","137","Vana","VANA","Vana","OFT","0x7ff7fa94b8b66ef313f7970d4eebd2cb3103a2c0","0x7ff7fa94b8b66ef313f7970d4eebd2cb3103a2c0","30109","mainnet"
"Polygon Mainnet","137","WAGMI","WAGMI","WAGMI","OFT","0x07ed33a242bd9c08ca3c198e01189e35265024da","0x07ed33a242bd9c08ca3c198e01189e35265024da","30109","mainnet"
"Polygon Mainnet","137","Wild Goat Coin","WGC","Wild Goat Coin","OFT","0xc53ac24320e3a54c7211e4993c8095078a0cb3cf","0xc53ac24320e3a54c7211e4993c8095078a0cb3cf","30109","mainnet"
"Polygon Mainnet","137","Wilder World","WILD","Wilder World","OFT","0xafde2490236bc64950def5472296aa0d9758db0d","0xafde2490236bc64950def5472296aa0d9758db0d","30109","mainnet"
"Polygon Mainnet","137","Nibiru Chain","WNIBI","Nibiru Chain","OFT","0x02f6fd682027a148d73777034cb85d14f231a678","0x02f6fd682027a148d73777034cb85d14f231a678","30109","mainnet"
"Polygon Mainnet","137","Wirex Pay","WPAY","Wirex Pay","OFTAdapter","0xf168376569850ab69501e8b13b42f261917a02c3","0xf168376569850ab69501e8b13b42f261917a02c3","30109","mainnet"
"Polygon Mainnet","137","USDT0","XAUT0","USDT0","OFTAdapter","0x5421Cf4288d8007D3c43AC4246eaFCe5b049e352","0x5421Cf4288d8007D3c43AC4246eaFCe5b049e352","30109","mainnet"
"Polygon Mainnet","137","ZRO Token","ZRO","ZRO Token","OFT","0x6985884c4392d348587b19cb9eaaf157f13271cd","0x6985884c4392d348587b19cb9eaaf157f13271cd","30109","mainnet"
"Rari Chain Mainnet","1380012617","USDC.e","USDC.e","Stargate","StargateOFT","0x875bee36739e7Ce6b60E056451c556a88c59b086","0xFbDa5F676cB37624f28265A144A48B0d6e87d3b6","30235","mainnet"
"Rari Chain Mainnet","1380012617","USDT","USDT","Stargate","StargateOFT","0x17d65bF79E77B6Ab21d8a0afed3bC8657d8Ee0B2","0x362FAE9A75B27BBc550aAc28a7c1F96C8D483120","30235","mainnet"
"Rootstock Mainnet","30","Money On Chain","BPRO","Money On Chain","OFTAdapter","0x1497801fa1c6b9787e4a1ff55fa9422d0896003b","0x1497801fa1c6b9787e4a1ff55fa9422d0896003b","30333","mainnet"
"Rootstock Mainnet","30","Money On Chain","DOC","Money On Chain","OFTAdapter","0x5da928a27283674411ef7e2739efd41ee6e53b53","0x5da928a27283674411ef7e2739efd41ee6e53b53","30333","mainnet"
"Rootstock Mainnet","30","Money On Chain","MOC","Money On Chain","OFTAdapter","0x226c81a43d267c2a0996c2730becae8aee33bdd7","0x226c81a43d267c2a0996c2730becae8aee33bdd7","30333","mainnet"
"Rootstock Mainnet","30","Rootstock","RBTC","Rootstock","NativeOFTAdapter","0x5ca9fa3e15f0d6841a64e83722898b9a80df7a1e","0x5ca9fa3e15f0d6841a64e83722898b9a80df7a1e","30333","mainnet"
"Rootstock Mainnet","30","Rootstock","RIF","Rootstock","OFTAdapter","0x9156935cd0c26ea9f50bef255f62bc88f94765a2","0x9156935cd0c26ea9f50bef255f62bc88f94765a2","30333","mainnet"
"Rootstock Mainnet","30","Solv Protocol","SolvBTC","Solv Protocol","OFTAdapter","0xb12979ff302ac903849948037a51792cf7186e8e","0xb12979ff302ac903849948037a51792cf7186e8e","30333","mainnet"
"Rootstock Mainnet","30","USDC.e","USDC.e","Stargate","StargateOFT","0xAF54BE5B6eEc24d6BFACf1cce4eaF680A8239398","0x74c9f2b00581F1B11AA7ff05aa9F608B7389De67","30333","mainnet"
"Rootstock Mainnet","30","Money On Chain","USDRIF","Money On Chain","OFTAdapter","0xb2ee550266533dc9c989e43bfe7aab6203ee2c7b","0xb2ee550266533dc9c989e43bfe7aab6203ee2c7b","30333","mainnet"
"Rootstock Mainnet","30","USDT","USDT","Stargate","StargateOFT","0xAf5191B0De278C7286d6C7CC6ab6BB8A73bA2Cd6","0xAf368c91793CB22739386DFCbBb2F1A9e4bCBeBf","30333","mainnet"
"Rootstock Mainnet","30","USDT0","USDT0","USDT0","OFTAdapter","0x1a594d5d5d1c426281c1064b07f23f57b2716b61","0x1a594d5d5d1c426281c1064b07f23f57b2716b61","30333","mainnet"
"Rootstock Mainnet","30","WETH","WETH","Stargate","StargateOFT","0x45f1A95A4D3f3836523F5c83673c797f4d4d263B","0x2F6F07CDcf3588944Bf4C42aC74ff24bF56e7590","30333","mainnet"
"Rootstock Mainnet","30","Solv Protocol","xSolvBTC","Solv Protocol","OFTAdapter","0x94dabd84cd36c4d364fcdd5cdabf41e73dbc99e6","0x94dabd84cd36c4d364fcdd5cdabf41e73dbc99e6","30333","mainnet"
"Sanko Mainnet","1996","Sanko Game Corp","DMT","Sanko Game Corp","NativeOFTAdapter","0x7393ae4835fdfed4f25e46a10d6bdb2fd49a2706","0x7393ae4835fdfed4f25e46a10d6bdb2fd49a2706","30278","mainnet"
"Sanko Mainnet","1996","Smoovie Phone","SP","Smoovie Phone","OFTAdapter","0xea6b990f3d767cfd4bbdfb7fced163818bfa8e31","0xea6b990f3d767cfd4bbdfb7fced163818bfa8e31","30278","mainnet"
"Sanko Mainnet","1996","Sanko Gamecorp","WDMT","Sanko Gamecorp","OFTAdapter","0x96c25882275b9d40aff45ce01ae0d5bd65c89e62","0x96c25882275b9d40aff45ce01ae0d5bd65c89e62","30278","mainnet"
"Scroll Mainnet","534352","Redacted Finance","apxETH","Redacted Finance","OFT","0xcd615270ab3a7a3a262a4e49935d002278c76b78","0xcd615270ab3a7a3a262a4e49935d002278c76b78","30214","mainnet"
"Scroll Mainnet","534352","Ethena","ENA","Ethena","OFT","0x58538e6a46e07434d7e7375bc268d3cb839c0133","0x58538e6a46e07434d7e7375bc268d3cb839c0133","30214","mainnet"
"Scroll Mainnet","534352","ETH","ETH","Stargate","StargatePool","0xC2b638Cb5042c1B3c5d5C969361fB50569840583","0x0000000000000000000000000000000000000000","30214","mainnet"
"Scroll Mainnet","534352","Interport Finance","ITP","Interport Finance","OFT","0x2b1d36f5b61addaf7da7ebbd11b35fd8cfb0de31","0x2b1d36f5b61addaf7da7ebbd11b35fd8cfb0de31","30214","mainnet"
"Scroll Mainnet","534352","Lagrange","LA","Lagrange","OFT","0x0fc2a55d5bd13033f1ee0cdd11f60f7efe66f467","0x0fc2a55d5bd13033f1ee0cdd11f60f7efe66f467","30214","mainnet"
"Scroll Mainnet","534352","Redacted Finance","pxETH","Redacted Finance","OFT","0x9e0d7d79735e1c63333128149c7b616a0dc0bbdb","0x9e0d7d79735e1c63333128149c7b616a0dc0bbdb","30214","mainnet"
"Scroll Mainnet","534352","Kelp DAO","rsETH","Kelp DAO","OFT","0x65421ba909200b81640d98b979d07487c9781b66","0x65421ba909200b81640d98b979d07487c9781b66","30214","mainnet"
"Scroll Mainnet","534352","Swell Network","rswETH","Swell Network","OFT","0x89f17ab70cafb1468d633056161573efefea0713","0x89f17ab70cafb1468d633056161573efefea0713","30214","mainnet"
"Scroll Mainnet","534352","Stargate","STG","Stargate","OFT","0x8731d54e9d02c286767d56ac03e8037c07e01e98","0x8731d54e9d02c286767d56ac03e8037c07e01e98","30214","mainnet"
"Scroll Mainnet","534352","Ethena","sUSDe","Ethena","OFT","0x211cc4dd073734da055fbf44a2b4667d5e5fe5d2","0x211cc4dd073734da055fbf44a2b4667d5e5fe5d2","30214","mainnet"
"Scroll Mainnet","534352","Swell Network","swETH","Swell Network","OFT","0x850cdf416668210ed0c36bfff5d21921c7ada3b8","0x850cdf416668210ed0c36bfff5d21921c7ada3b8","30214","mainnet"
"Scroll Mainnet","534352","USDC","USDC","Stargate","StargatePool","0x3Fc69CC4A842838bCDC9499178740226062b14E4","0x06eFdBFf2a14a7c8E15944D1F4A48F9F95F663A4","30214","mainnet"
"Scroll Mainnet","534352","Ethena","USDe","Ethena","OFT","0x5d3a1ff2b6bab83b63cd9ad0787074081a52ef34","0x5d3a1ff2b6bab83b63cd9ad0787074081a52ef34","30214","mainnet"
"Scroll Mainnet","534352","Ether.Fi","weETH","Ether.Fi","OFT","0x01f0a31698c4d065659b9bdc21b3610292a1c506","0x01f0a31698c4d065659b9bdc21b3610292a1c506","30214","mainnet"
"Scroll Mainnet","534352","Wild Goat Coin","WGC","Wild Goat Coin","OFT","0xc53ac24320e3a54c7211e4993c8095078a0cb3cf","0xc53ac24320e3a54c7211e4993c8095078a0cb3cf","30214","mainnet"
"Scroll Mainnet","534352","YieldNest","ynETHx","YieldNest","OFTAdapter","0xbe82cbe217bf4e0a87dd88c552e93054f4ef2c7c","0xbe82cbe217bf4e0a87dd88c552e93054f4ef2c7c","30214","mainnet"
"Sei Mainnet","1329","Frax Finance","FPI","Frax Finance","OFT","0xeed9de5e41b53d1c8fab8aab4b0e446f828c1483","0xeed9de5e41b53d1c8fab8aab4b0e446f828c1483","30280","mainnet"
"Sei Mainnet","1329","Frax Finance","FRAX","Frax Finance","OFT","0x80eede496655fb9047dd39d9f418d5483ed600df","0x80eede496655fb9047dd39d9f418d5483ed600df","30280","mainnet"
"Sei Mainnet","1329","Frax Finance","frxETH","Frax Finance","OFT","0x43edd7f3831b08fe70b7555ddd373c8bf65a9050","0x43edd7f3831b08fe70b7555ddd373c8bf65a9050","30280","mainnet"
"Sei Mainnet","1329","Frax Finance","FXS","Frax Finance","OFT","0x64445f0aecc51e94ad52d8ac56b7190e764e561a","0x64445f0aecc51e94ad52d8ac56b7190e764e561a","30280","mainnet"
"Sei Mainnet","1329","Reservoir","rUSD","Reservoir","OFT","0x09d4214c03d01f49544c0448dbe3a27f768f2b34","0x09d4214c03d01f49544c0448dbe3a27f768f2b34","30280","mainnet"
"Sei Mainnet","1329","SEI","SEI","SEI","NativeOFTAdapter","0xbdf43ecadc5cef51b7d1772f722e40596bc1788b","0xbdf43ecadc5cef51b7d1772f722e40596bc1788b","30280","mainnet"
"Sei Mainnet","1329","Kryptonite","SEILOR","Kryptonite","OFTAdapter","0x1ed2a25b8fef9d2a1436c901e326e8afb8adae01","0x1ed2a25b8fef9d2a1436c901e326e8afb8adae01","30280","mainnet"
"Sei Mainnet","1329","Frax Finance","sFRAX","Frax Finance","OFT","0x5bff88ca1442c2496f7e475e9e7786383bc070c0","0x5bff88ca1442c2496f7e475e9e7786383bc070c0","30280","mainnet"
"Sei Mainnet","1329","Frax Finance","sfrxETH","Frax Finance","OFT","0x3ec3849c33291a9ef4c5db86de593eb4a37fde45","0x3ec3849c33291a9ef4c5db86de593eb4a37fde45","30280","mainnet"
"Sei Mainnet","1329","USDC","USDC","Stargate","StargatePool","0x45d417612e177672958dC0537C45a8f8d754Ac2E","0x3894085Ef7Ff0f0aeDf52E2A2704928d1Ec074F1","30280","mainnet"
"Sei Mainnet","1329","USDT","USDT","Stargate","StargatePool","0x0dB9afb4C33be43a0a0e396Fd1383B4ea97aB10a","0xB75D0B03c06A926e488e2659DF1A861F860bD3d1","30280","mainnet"
"Sei Mainnet","1329","USDT0","USDT0","USDT0","OFTAdapter","0x56fe74a2e3b484b921c447357203431a3485cc60","0x56fe74a2e3b484b921c447357203431a3485cc60","30280","mainnet"
"Sei Mainnet","1329","wBTC","WBTC","wBTC","OFT","0x0555e30da8f98308edb960aa94c0db47230d2b9c","0x0555e30da8f98308edb960aa94c0db47230d2b9c","30280","mainnet"
"Sei Mainnet","1329","WETH","WETH","Stargate","StargateOFT","0x5c386D85b1B82FD9Db681b9176C8a4248bb6345B","0x160345fC359604fC6e70E3c5fAcbdE5F7A9342d8","30280","mainnet"
"Sei Mainnet","1329","Resolv Labs","wsrUSD","Resolv Labs","OFT","0x4809010926aec940b550d34a46a52739f996d75d","0x4809010926aec940b550d34a46a52739f996d75d","30280","mainnet"
"Sei Mainnet","1329","Wrapped liquid staked Ether 2.0","wstETH","Wrapped liquid staked Ether 2.0","OFT","0xbe574b6219c6d985d08712e90c21a88fd55f1ae8","0xbe574b6219c6d985d08712e90c21a88fd55f1ae8","30280","mainnet"
"Sei Mainnet","1329","OFFICIAL TRUMP","WTRUMP","OFFICIAL TRUMP","OFT","0xea3910f1c6e687b59835885904a2fd1944b51ec6","0xea3910f1c6e687b59835885904a2fd1944b51ec6","30280","mainnet"
"Solana Mainnet","101","AltLayer","ALT","AltLayer","OFT","GVkbuvfYEXGJfUZwnVoyzzby3RsatA2Cr56BPp79JUbg","GVkbuvfYEXGJfUZwnVoyzzby3RsatA2Cr56BPp79JUbg","30168","mainnet"
"Solana Mainnet","101","HeyAnon","Anon","HeyAnon","OFT","9McvH6w97oewLmPxqQEoHUAv3u5iYMyQ9AeZZhguYf1T","9McvH6w97oewLmPxqQEoHUAv3u5iYMyQ9AeZZhguYf1T","30168","mainnet"
"Solana Mainnet","101","ApeCoin","APE","ApeCoin","OFT","C1MHyoTJpRTeS9AQCyspNVu2EWAYCZwmJ1jNkEArFP1f","C1MHyoTJpRTeS9AQCyspNVu2EWAYCZwmJ1jNkEArFP1f","30168","mainnet"
"Solana Mainnet","101","Aptos","APT","Aptos","OFT","DTDQEQWgBmnnJ7YGVoQrXkkroTEUkYgAfhEVb8CrnkpC","DTDQEQWgBmnnJ7YGVoQrXkkroTEUkYgAfhEVb8CrnkpC","30168","mainnet"
"Solana Mainnet","101","ASPECTA","ASP","ASPECTA","OFT","DJ7vji2BU7RjNgktPAKN4L42CiXTFHEt4Eeeyr5FiTmy","DJ7vji2BU7RjNgktPAKN4L42CiXTFHEt4Eeeyr5FiTmy","30168","mainnet"
"Solana Mainnet","101","Aethir","ATH","Aethir","OFT","Dm5BxyMetG3Aq5PaG1BrG7rBYqEMtnkjvPNMExfacVk7","Dm5BxyMetG3Aq5PaG1BrG7rBYqEMtnkjvPNMExfacVk7","30168","mainnet"
"Solana Mainnet","101","AVA","AVA","AVA","OFT","DKu9kykSfbN5LBfFXtNNDPaX35o4Fv6vJ9FKk7pZpump","DKu9kykSfbN5LBfFXtNNDPaX35o4Fv6vJ9FKk7pZpump","30168","mainnet"
"Solana Mainnet","101","Bubblemaps","BMT","Bubblemaps","OFT","FQgtfugBdpFN7PZ6NdPrZpVLDBrPGxXesi4gVu3vErhY","FQgtfugBdpFN7PZ6NdPrZpVLDBrPGxXesi4gVu3vErhY","30168","mainnet"
"Solana Mainnet","101","BOOP","BOOP","BOOP","OFT","boopkpWqe68MSxLqBGogs8ZbUDN4GXaLhFwNP7mpP1i","boopkpWqe68MSxLqBGogs8ZbUDN4GXaLhFwNP7mpP1i","30168","mainnet"
"Solana Mainnet","101","Virtuals Protocol","BTA","Virtuals Protocol","OFT","BatJTTdVgREJDaqkaexb2HYKXFfaF9v2HJT3R9WJZtQp","BatJTTdVgREJDaqkaexb2HYKXFfaF9v2HJT3R9WJZtQp","30168","mainnet"
"Solana Mainnet","101","PancakeSwap","CAKE","PancakeSwap","OFT","4qQeZ5LwSz6HuupUu8jCtgXyW1mYQcNbFAW1sWZp89HL","4qQeZ5LwSz6HuupUu8jCtgXyW1mYQcNbFAW1sWZp89HL","30168","mainnet"
"Solana Mainnet","101","Simon's Cat","CAT","Simon's Cat","OFT","3joMReCCSESngJEpFLoKR2dNcChjSRCDtybQet5uSpse","3joMReCCSESngJEpFLoKR2dNcChjSRCDtybQet5uSpse","30168","mainnet"
"Solana Mainnet","101","Catton AI","CATTON","Catton AI","OFT","EnYkmHKm13mLnBgpvHJZE2T6rqi8weQXoFuPccW9ZiD5","EnYkmHKm13mLnBgpvHJZE2T6rqi8weQXoFuPccW9ZiD5","30168","mainnet"
"Solana Mainnet","101","crow with knife","CAW","crow with knife","OFT","CAW777xcHVTQZ4CRwVQGB8CV1BVKPm5bNVxFJHWFKiH8","CAW777xcHVTQZ4CRwVQGB8CV1BVKPm5bNVxFJHWFKiH8","30168","mainnet"
"Solana Mainnet","101","ChainGPT","CGPT","ChainGPT","OFT","CCDfDXZxzZtkZLuhY48gyKdXc5KywqpR8xEVHHh8ck1G","CCDfDXZxzZtkZLuhY48gyKdXc5KywqpR8xEVHHh8ck1G","30168","mainnet"
"Solana Mainnet","101","Chill House","CHILLHOUSE","Chill House","OFT","GkyPYa7NnCFbduLknCfBfP7p8564X1VZhwZYJ6CZpump","GkyPYa7NnCFbduLknCfBfP7p8564X1VZhwZYJ6CZpump","30168","mainnet"
"Solana Mainnet","101","Coq Inu","COQ","Coq Inu","OFT","coqAhf1TXdRRkuNmGYKb57rmkNbExPuM5uHYBi13uXZ","coqAhf1TXdRRkuNmGYKb57rmkNbExPuM5uHYBi13uXZ","30168","mainnet"
"Solana Mainnet","101","Corn","CORN","Corn","OFT","ApqLH7ovTBeEjgBMXH8udnBttwR9k5JEv9pNnVQV7Xsa","ApqLH7ovTBeEjgBMXH8udnBttwR9k5JEv9pNnVQV7Xsa","30168","mainnet"
"Solana Mainnet","101","Cryptocurrency Coin","CRYPTO","Cryptocurrency Coin","OFT","4ikwYoNvoGEwtMbziUyYBTz1zRM6nmxspsfw9G7Bpump","4ikwYoNvoGEwtMbziUyYBTz1zRM6nmxspsfw9G7Bpump","30168","mainnet"
"Solana Mainnet","101","CV AGENTLAUNCHER Token","CVAI","CV AGENTLAUNCHER Token","OFT","8TC4ZJA5cwB5gmLemBfPP95v1Mft82kHGF9a87kepNno","8TC4ZJA5cwB5gmLemBfPP95v1Mft82kHGF9a87kepNno","30168","mainnet"
"Solana Mainnet","101","Dawae","DAWAE","Dawae","OFT","DZSs9nHSr9BBunLNWd6PDstesJ4PBLMFVK1GbZ9urYNZ","DZSs9nHSr9BBunLNWd6PDstesJ4PBLMFVK1GbZ9urYNZ","30168","mainnet"
"Solana Mainnet","101","Degen","DEGEN","Degen","OFT","A7n89LqW67HJKzJkdWZa2xojuK4N5GBKHz3dfjATCZPz","A7n89LqW67HJKzJkdWZa2xojuK4N5GBKHz3dfjATCZPz","30168","mainnet"
"Solana Mainnet","101","DEGENAI","degenai","DEGENAI","OFT","Gu3LDkn7Vx3bmCzLafYNKcDxv2mH7YN44NJZFXnypump","Gu3LDkn7Vx3bmCzLafYNKcDxv2mH7YN44NJZFXnypump","30168","mainnet"
"Solana Mainnet","101","DogLibre","DOGL","DogLibre","OFT","8bk3hKqrq1NgLKck937Fj6PoY9jAJgGpUKQ28qutgqha","8bk3hKqrq1NgLKck937Fj6PoY9jAJgGpUKQ28qutgqha","30168","mainnet"
"Solana Mainnet","101","Ethena","ENA","Ethena","OFT","72QvBVwpxqmheEPfaCwWSWqEFsUy3rhWt6JhQBMNTwD1","72QvBVwpxqmheEPfaCwWSWqEFsUy3rhWt6JhQBMNTwD1","30168","mainnet"
"Solana Mainnet","101","FSL Ecosystem","GGUSD","FSL Ecosystem","OFT","GGUSDyBUPFg5RrgWwqEqhXoha85iYGs6cL57SyK4G2Y7","GGUSDyBUPFg5RrgWwqEqhXoha85iYGs6cL57SyK4G2Y7","30168","mainnet"
"Solana Mainnet","101","GAMEE","GMEE","GAMEE","OFT","J324HJvWdpZoXXzckqs5h9BhhZDnp3vp86tnrDwoGwxC","J324HJvWdpZoXXzckqs5h9BhhZDnp3vp86tnrDwoGwxC","30168","mainnet"
"Solana Mainnet","101","Happy Cat","HAPPY","Happy Cat","OFT","HAPPYwgFcjEJDzRtfWE6tiHE9zGdzpNky2FvjPHsvvGZ","HAPPYwgFcjEJDzRtfWE6tiHE9zGdzpNky2FvjPHsvvGZ","30168","mainnet"
"Solana Mainnet","101","Hard Protocol","HARD","Hard Protocol","OFT","2cxr5BU6XVkDm7qaPFby5fBZaFDC1DyQvjjtb1Qkvnxp","2cxr5BU6XVkDm7qaPFby5fBZaFDC1DyQvjjtb1Qkvnxp","30168","mainnet"
"Solana Mainnet","101","Home","HOME","Home","OFT","J3umBWqhSjd13sag1E1aUojViWvPYA5dFNyqpKuX3WXj","J3umBWqhSjd13sag1E1aUojViWvPYA5dFNyqpKuX3WXj","30168","mainnet"
"Solana Mainnet","101","Hosico Cat","HOSICO","Hosico Cat","OFT","9wK8yN6iz1ie5kEJkvZCTxyN1x5sTdNfx8yeMY8Ebonk","9wK8yN6iz1ie5kEJkvZCTxyN1x5sTdNfx8yeMY8Ebonk","30168","mainnet"
"Solana Mainnet","101","Huma Finance","HUMA","Huma Finance","OFT","HUMA1821qVDKta3u2ovmfDQeW2fSQouSKE8fkF44wvGw","HUMA1821qVDKta3u2ovmfDQeW2fSQouSKE8fkF44wvGw","30168","mainnet"
"Solana Mainnet","101","IMO","IMO","IMO","OFT","8z5VhoM97qYGZM4UH9VH2BWhKb6Xyf7kB3J55hM4JUNF","8z5VhoM97qYGZM4UH9VH2BWhKb6Xyf7kB3J55hM4JUNF","30168","mainnet"
"Solana Mainnet","101","INT OS","INTOS","INT OS","OFT","7YKfh8hFbgHkwtAogfSWjsEGVNH5e1DoFF9Dj31U9CMe","7YKfh8hFbgHkwtAogfSWjsEGVNH5e1DoFF9Dj31U9CMe","30168","mainnet"
"Solana Mainnet","101","ISLAND","ISLAND","ISLAND","OFT","HX6zNkjJ7zy653VoDWzbaYpSg7BrgLfq4i4RA7D5nkkz","HX6zNkjJ7zy653VoDWzbaYpSg7BrgLfq4i4RA7D5nkkz","30168","mainnet"
"Solana Mainnet","101","Jito Staked SOL","JitoSOL","Jito Staked SOL","OFT","J1toso1uCk3RLmjorhTtrVwY9HJ7X8V9yYac6Y7kGCPn","J1toso1uCk3RLmjorhTtrVwY9HJ7X8V9yYac6Y7kGCPn","30168","mainnet"
"Solana Mainnet","101","Sidekick","K","Sidekick","OFT","ERpDpYmuifJUKbaB1Dv9hnJ67RM21Jujmxz18JCeDzbr","ERpDpYmuifJUKbaB1Dv9hnJ67RM21Jujmxz18JCeDzbr","30168","mainnet"
"Solana Mainnet","101","Lagrange","LA","Lagrange","OFT","4dAfd12qxvcwGWD51UUmLreUvQBqQrvtXiSj88kKN5cf","4dAfd12qxvcwGWD51UUmLreUvQBqQrvtXiSj88kKN5cf","30168","mainnet"
"Solana Mainnet","101","Lombard","LBTC","Lombard","OFT","LBTCgU4b3wsFKsPwBn1rRZDx5DoFutM6RPiEt1TPDsY","LBTCgU4b3wsFKsPwBn1rRZDx5DoFutM6RPiEt1TPDsY","30168","mainnet"
"Solana Mainnet","101","Lily's Coin","LILY","Lily's Coin","OFT","Co5WwGeZfpfqGE1tUyAp1SBjcmumoY9sNN99MXRbX98K","Co5WwGeZfpfqGE1tUyAp1SBjcmumoY9sNN99MXRbX98K","30168","mainnet"
"Solana Mainnet","101","Lympo","LYM","Lympo","OFT","3pYRq2JDB7kgj8VQajbkvxvEp7oYDzvsohL4FmjZiUow","3pYRq2JDB7kgj8VQajbkvxvEp7oYDzvsohL4FmjZiUow","30168","mainnet"
"Solana Mainnet","101","MetalCore","MCG","MetalCore","OFT","H1nf1F4eoHtiWiSBwLYAhJvAb7CDFY32eYA64mhL8Rp","H1nf1F4eoHtiWiSBwLYAhJvAb7CDFY32eYA64mhL8Rp","30168","mainnet"
"Solana Mainnet","101","Market Dominance","MD","Market Dominance","OFT","C4j7kPx9PqDnfvxe2uycJQRTAeyGwmU4DyGf21Xgpump","C4j7kPx9PqDnfvxe2uycJQRTAeyGwmU4DyGf21Xgpump","30168","mainnet"
"Solana Mainnet","101","Melania Meme","MELANIA","Melania Meme","OFT","FUAfBo2jgks6gB4Z4LfZkqSZgzNucisEHqnNebaRxM1P","FUAfBo2jgks6gB4Z4LfZkqSZgzNucisEHqnNebaRxM1P","30168","mainnet"
"Solana Mainnet","101","MANSORY","MNSRY","MANSORY","OFT","1xdtu7y3LkkrVCAbm5KGKfYzq1qgKhxxk5AaJBqpump","1xdtu7y3LkkrVCAbm5KGKfYzq1qgKhxxk5AaJBqpump","30168","mainnet"
"Solana Mainnet","101","MyOFT2","MOFT2","MyOFT2","OFT","5qeRviVeyEyVgxB311cZfvhpBv8gciQvbtqnL8iLhhRp","5qeRviVeyEyVgxB311cZfvhpBv8gciQvbtqnL8iLhhRp","30168","mainnet"
"Solana Mainnet","101","Neural","NEURAL","Neural","OFT","BNC5eVJZixJFykygncDuUK5TpRBsWZuT6eSA99YNh2cZ","BNC5eVJZixJFykygncDuUK5TpRBsWZuT6eSA99YNh2cZ","30168","mainnet"
"Solana Mainnet","101","ORA Protocol","ORA","ORA Protocol","OFT","BPYhCMNao2XG4UR771LurHrwUg3rcp76jmg4XFfAacvg","BPYhCMNao2XG4UR771LurHrwUg3rcp76jmg4XFfAacvg","30168","mainnet"
"Solana Mainnet","101","Orderly Network","ORDER","Orderly Network","OFT","ABt79MkRXUsoHuV2CVQT32YMXQhTparKFjmidQxgiQ6E","ABt79MkRXUsoHuV2CVQT32YMXQhTparKFjmidQxgiQ6E","30168","mainnet"
"Solana Mainnet","101","Pudgy Penguins","PENGU","Pudgy Penguins","OFT","2zMMhcVQEXDtdE6vsFS7S7D5oUodfJHE8vd1gnBouauv","2zMMhcVQEXDtdE6vsFS7S7D5oUodfJHE8vd1gnBouauv","30168","mainnet"
"Solana Mainnet","101","Plume","PLUME","Plume","OFT","C7Xr4VM6H3W9HHpVep96Hrknkxv2c33kcBTi6e9ZjphW","C7Xr4VM6H3W9HHpVep96Hrknkxv2c33kcBTi6e9ZjphW","30168","mainnet"
"Solana Mainnet","101","Puff The Dragon","Puff","Puff The Dragon","OFT","2roCYDBxhnSPqwvU37Bp51wLHiqTLoXU1Am3fGGi5zPr","2roCYDBxhnSPqwvU37Bp51wLHiqTLoXU1Am3fGGi5zPr","30168","mainnet"
"Solana Mainnet","101","PayPal","PYUSD","PayPal","OFT","2b1kV6DkPAnxd5ixfnxCpjxmKwqjjaYmCZfHsFu24GXo","2b1kV6DkPAnxd5ixfnxCpjxmKwqjjaYmCZfHsFu24GXo","30168","mainnet"
"Solana Mainnet","101","Rootstock","RBTC","Rootstock","OFT","8yev7nLen2PFN2uYGhzsUbu243wMa9z4ZrCwuXs6DEQw","8yev7nLen2PFN2uYGhzsUbu243wMa9z4ZrCwuXs6DEQw","30168","mainnet"
"Solana Mainnet","101","Music Protocol","RECORD","Music Protocol","OFT","nMRuwNqQsTt47yyQ5LqDtXgeegvyu5kNvCJQ369KKp5","nMRuwNqQsTt47yyQ5LqDtXgeegvyu5kNvCJQ369KKp5","30168","mainnet"
"Solana Mainnet","101","Rekt","REKT","Rekt","OFT","vQoYWru2pbUdcVkUrRH74ktQDJgVjRcDvsoDbUzM5n9","vQoYWru2pbUdcVkUrRH74ktQDJgVjRcDvsoDbUzM5n9","30168","mainnet"
"Solana Mainnet","101","Motorverse","REVV","Motorverse","OFT","47gsKcJ9QAc97qSRkZE5h3R5pHMVQnmoovhd3niKzYEx","47gsKcJ9QAc97qSRkZE5h3R5pHMVQnmoovhd3niKzYEx","30168","mainnet"
"Solana Mainnet","101","Rootstock","RIF","Rootstock","OFT","AAeENcfHbTExuTvs4q7r9Bjax98Dg6BGX3aMph4bTLdK","AAeENcfHbTExuTvs4q7r9Bjax98Dg6BGX3aMph4bTLdK","30168","mainnet"
"Solana Mainnet","101","Reservoir","rUSD","Reservoir","OFT","Ejqkht2dyN1BaaEtK92zBKY6S8HbVH8APB5sDK9Rmokt","Ejqkht2dyN1BaaEtK92zBKY6S8HbVH8APB5sDK9Rmokt","30168","mainnet"
"Solana Mainnet","101","Sonic","S","Sonic","OFT","3rQK45d1ojXR7vtvCmeNjKKVycnVWqaVcP3zk1G39RJR","3rQK45d1ojXR7vtvCmeNjKKVycnVWqaVcP3zk1G39RJR","30168","mainnet"
"Solana Mainnet","101","Brale","SBC","Brale","OFT","DBAzBUXaLj1qANCseUPZz4sp9F8d2sc78C4vKjhbTGMA","DBAzBUXaLj1qANCseUPZz4sp9F8d2sc78C4vKjhbTGMA","30168","mainnet"
"Solana Mainnet","101","Shark Cat","SC","Shark Cat","OFT","6D7NaB2xsLd7cauWu1wKk6KBsJohJmP2qZH9GEfVi5Ui","6D7NaB2xsLd7cauWu1wKk6KBsJohJmP2qZH9GEfVi5Ui","30168","mainnet"
"Solana Mainnet","101","SEI","SEI","SEI","OFT","5jPMp8GjiCSR7HrnTc3xBLrRCxKHri8BFbmuoFfosBPn","5jPMp8GjiCSR7HrnTc3xBLrRCxKHri8BFbmuoFfosBPn","30168","mainnet"
"Solana Mainnet","101","SolForge Fusion","SFG","SolForge Fusion","OFT","BLiUhfaUFbSoMVeRqq3QYTA1eJsTsB3ZDEYtUsGGQ9em","BLiUhfaUFbSoMVeRqq3QYTA1eJsTsB3ZDEYtUsGGQ9em","30168","mainnet"
"Solana Mainnet","101","Simmi","SIMMI","Simmi","OFT","6Nf3nFbyQ1p1CVQYtEZXfeM89XyvkFPyF2JosxdriH7S","6Nf3nFbyQ1p1CVQYtEZXfeM89XyvkFPyF2JosxdriH7S","30168","mainnet"
"Solana Mainnet","101","Skate","SKATE","Skate","OFT","9v6BKHg8WWKBPTGqLFQz87RxyaHHDygx8SnZEbBFmns2","9v6BKHg8WWKBPTGqLFQz87RxyaHHDygx8SnZEbBFmns2","30168","mainnet"
"Solana Mainnet","101","Phavercoin","SOCIAL","Phavercoin","OFT","4WS7CeusWMwWGNALHDJtyxvN9yxydoB7pvM6Pwd9F2VA","4WS7CeusWMwWGNALHDJtyxvN9yxydoB7pvM6Pwd9F2VA","30168","mainnet"
"Solana Mainnet","101","Smoovie Phone","SP","Smoovie Phone","OFT","E8zSHWdtgJ7pST1QPRDYkrKpnVJNoekZgETYm1yieT72","E8zSHWdtgJ7pST1QPRDYkrKpnVJNoekZgETYm1yieT72","30168","mainnet"
"Solana Mainnet","101","Johnny Suede","SUEDE","Johnny Suede","OFT","2nCeHpECQvnMfzjU5fDMAKws1vBxMzxvWr6qqLpApump","2nCeHpECQvnMfzjU5fDMAKws1vBxMzxvWr6qqLpApump","30168","mainnet"
"Solana Mainnet","101","Ethena","sUSDe","Ethena","OFT","Eh6XEPhSwoLv5wFApukmnaVSHQ6sAnoD9BmgmwQoN2sN","Eh6XEPhSwoLv5wFApukmnaVSHQ6sAnoD9BmgmwQoN2sN","30168","mainnet"
"Solana Mainnet","101","OFFICIAL TRUMP","TRUMP","OFFICIAL TRUMP","OFT","6p6xgHyF7AeE6TZkSmFsko444wqoP15icUSqi2jfGiPN","6p6xgHyF7AeE6TZkSmFsko444wqoP15icUSqi2jfGiPN","30168","mainnet"
"Solana Mainnet","101","Unicorn Fart Dust","UFD","Unicorn Fart Dust","OFT","eL5fUxj2J4CiQsmW85k5FG9DvuQjjUoBHoQBi2Kpump","eL5fUxj2J4CiQsmW85k5FG9DvuQjjUoBHoQBi2Kpump","30168","mainnet"
"Solana Mainnet","101","Ethena","USDe","Ethena","OFT","DEkqHyPN7GMRJ5cArtQFAWefqbZb33Hyf6s5iCwjEonT","DEkqHyPN7GMRJ5cArtQFAWefqbZb33Hyf6s5iCwjEonT","30168","mainnet"
"Solana Mainnet","101","Paxos","USDG","Paxos","OFT","2u1tszSeqZ3qBWF3uNGPFc8TzMk2tdiwknnRMWGWjGWH","2u1tszSeqZ3qBWF3uNGPFc8TzMk2tdiwknnRMWGWjGWH","30168","mainnet"
"Solana Mainnet","101","Ethena","USDtb","Ethena","OFT","39DrizvVVntnUhKkyy7Nu8v1YDySA1y4R1uBnv4U7zYy","39DrizvVVntnUhKkyy7Nu8v1YDySA1y4R1uBnv4U7zYy","30168","mainnet"
"Solana Mainnet","101","unstable coin","USDUC","unstable coin","OFT","CB9dDufT3ZuQXqqSfa1c5kY935TEreyBw9XJXxHKpump","CB9dDufT3ZuQXqqSfa1c5kY935TEreyBw9XJXxHKpump","30168","mainnet"
"Solana Mainnet","101","Ondo Finance","USDY","Ondo Finance","OFT","A1KLoBrKBde8Ty9qtNQUtq3C2ortoC3u7twggz7sEto6","A1KLoBrKBde8Ty9qtNQUtq3C2ortoC3u7twggz7sEto6","30168","mainnet"
"Solana Mainnet","101","Virtuals Protocol","VIRTUAL","Virtuals Protocol","OFT","3iQL8BFS2vE7mww4ehAqQHAsbmRNCrPxizWAT2Zfyr9y","3iQL8BFS2vE7mww4ehAqQHAsbmRNCrPxizWAT2Zfyr9y","30168","mainnet"
"Solana Mainnet","101","WAGMI","WAGMI","WAGMI","OFT","Hb4m5r21uoA1rWiNFBJgWN8W52QYbw6UV9jAQDbGNsqH","Hb4m5r21uoA1rWiNFBJgWN8W52QYbw6UV9jAQDbGNsqH","30168","mainnet"
"Solana Mainnet","101","Sanko Gamecorp","WDMT","Sanko Gamecorp","OFT","236dqm1gdXTqfw2DGwHVWoTgPAr4QKdWeNMr9fpxFXzr","236dqm1gdXTqfw2DGwHVWoTgPAr4QKdWeNMr9fpxFXzr","30168","mainnet"
"Solana Mainnet","101","Wild Goat Coin","WGC","Wild Goat Coin","OFT","8aB8hdzyqjCJdtP1rfdLNX8bGDjjM8S42BZ3j4zNVtRN","8aB8hdzyqjCJdtP1rfdLNX8bGDjjM8S42BZ3j4zNVtRN","30168","mainnet"
"Solana Mainnet","101","dogwifhat","WIF","dogwifhat","OFT","EKpQGSJtjMFqKZ9KQanSqYXRcF8fBopzLHYxdM65zcjm","EKpQGSJtjMFqKZ9KQanSqYXRcF8fBopzLHYxdM65zcjm","30168","mainnet"
"Solana Mainnet","101","Wilder World","WILD","Wilder World","OFT","FVvd3s9dZYzsgitkJyWbmycSc8MkYZjyF7oqAEvmSxTZ","FVvd3s9dZYzsgitkJyWbmycSc8MkYZjyF7oqAEvmSxTZ","30168","mainnet"
"Solana Mainnet","101","would","WOULD","would","OFT","J1Wpmugrooj1yMyQKrdZ2vwRXG5rhfx3vTnYE39gpump","J1Wpmugrooj1yMyQKrdZ2vwRXG5rhfx3vTnYE39gpump","30168","mainnet"
"Solana Mainnet","101","Resolv Labs","wsrUSD","Resolv Labs","OFT","7bxM8cRFZpzonzZtzmrcWHNX1dijrEVU4VkjjtVyBmqE","7bxM8cRFZpzonzZtzmrcWHNX1dijrEVU4VkjjtVyBmqE","30168","mainnet"
"Solana Mainnet","101","Xavier: Renegade Angel","xavier","Xavier: Renegade Angel","OFT","69G8CpUVZAxbPMiEBrfCCCH445NwFxH6PzVL693Xpump","69G8CpUVZAxbPMiEBrfCCCH445NwFxH6PzVL693Xpump","30168","mainnet"
"Solana Mainnet","101","XDC Network","XDC","XDC Network","OFT","4xMFSmmRNgtHq7sT74dsJMQBDAhkuE4U8fWWxaGeDuvj","4xMFSmmRNgtHq7sT74dsJMQBDAhkuE4U8fWWxaGeDuvj","30168","mainnet"
"Solana Mainnet","101","Dotcom","Y2K","Dotcom","OFT","8YiB8B43EwDeSx5Jp91VQjgBU4mfCgVvyNahadtzpump","8YiB8B43EwDeSx5Jp91VQjgBU4mfCgVvyNahadtzpump","30168","mainnet"
"Solana Mainnet","101","Yala stablecoin","YU","Yala stablecoin","OFT","YUYAiJo8KVbnc6Fb6h3MnH2VGND4uGWDH4iLnw7DLEu","YUYAiJo8KVbnc6Fb6h3MnH2VGND4uGWDH4iLnw7DLEu","30168","mainnet"
"Solana Mainnet","101","Zenrock","zenBTC","Zenrock","OFT","9hX59xHHnaZXLU6quvm5uGY2iDiT3jczaReHy6A6TYKw","9hX59xHHnaZXLU6quvm5uGY2iDiT3jczaReHy6A6TYKw","30168","mainnet"
"Solana Mainnet","101","zerebro","ZEREBRO","zerebro","OFT","8x5VqbHA8D7NkD52uNuS5nnt3PwA8pLD34ymskeSo2Wn","8x5VqbHA8D7NkD52uNuS5nnt3PwA8pLD34ymskeSo2Wn","30168","mainnet"
"Somnia Mainnet","50312","Somnia","SOMI","Somnia","NativeOFTAdapter","0xc3d4e9ac47d7f37bb07c2f8355bb4940dea3bbc3","0xc3d4e9ac47d7f37bb07c2f8355bb4940dea3bbc3","30380","mainnet"
"Somnia Mainnet","50312","USDC.e","USDC.e","Stargate","StargateOFT","0xCb97465Bc1bFF20fb788ccf29b409513789b6EaE","0x28BEc7E30E6faee657a03e19Bf1128AaD7632A00","30380","mainnet"
"Somnia Mainnet","50312","USDT","USDT","Stargate","StargateOFT","0xaFe47bAC47F2D9cDc0254a487C7B51ccB6c2b065","0x67B302E35Aef5EEE8c32D934F5856869EF428330","30380","mainnet"
"Somnia Mainnet","50312","WETH","WETH","Stargate","StargateOFT","0xFB9e0b64Bf68b2E1E478838B8722EACe2Ad5cD02","0x936Ab8C674bcb567CD5dEB85D8A216494704E9D8","30380","mainnet"
"Soneium Mainnet","1868","BONSAICOIN","BONSAICOIN","BONSAICOIN","OFT","0xa0aebd4ae5f256b72b7d43f67ed934237adb1aee","0xa0aebd4ae5f256b72b7d43f67ed934237adb1aee","30340","mainnet"
"Soneium Mainnet","1868","ETH","ETH","Stargate","StargatePool","0x2F6F07CDcf3588944Bf4C42aC74ff24bF56e7590","0x0000000000000000000000000000000000000000","30340","mainnet"
"Soneium Mainnet","1868","PIPO","PIPO","PIPO","OFT","0x8cd846c404c7267350a2920576816603cd5c6539","0x8cd846c404c7267350a2920576816603cd5c6539","30340","mainnet"
"Soneium Mainnet","1868","Resolv Labs","RLP","Resolv Labs","OFT","0x35533f54740f1f1aa4179e57ba37039dfa16868b","0x35533f54740f1f1aa4179e57ba37039dfa16868b","30340","mainnet"
"Soneium Mainnet","1868","Stargate","USD₮0.s","Stargate","OFTAdapter","0xe09e8713e86b12af68b6f41237f3e9a57c064289","0xe09e8713e86b12af68b6f41237f3e9a57c064289","30340","mainnet"
"Soneium Mainnet","1868","USDC.e","USDC.e","Stargate","StargatePool","0x45f1A95A4D3f3836523F5c83673c797f4d4d263B","0xbA9986D2381edf1DA03B0B9c1f8b00dc4AacC369","30340","mainnet"
"Soneium Mainnet","1868","Resolv Labs","USR","Resolv Labs","OFT","0xb1b385542b6e80f77b94393ba8342c3af699f15c","0xb1b385542b6e80f77b94393ba8342c3af699f15c","30340","mainnet"
"Soneium Mainnet","1868","Bifrost","vASTR","Bifrost","OFT","0x60336f9296c79da4294a19153ec87f8e52158e5f","0x60336f9296c79da4294a19153ec87f8e52158e5f","30340","mainnet"
"Soneium Mainnet","1868","wBTC","WBTC","wBTC","OFT","0x0555e30da8f98308edb960aa94c0db47230d2b9c","0x0555e30da8f98308edb960aa94c0db47230d2b9c","30340","mainnet"
"Soneium Mainnet","1868","Wild Goat Coin","WGC","Wild Goat Coin","OFT","0x3d63825b0d8669307366e6c8202f656b9e91d368","0x3d63825b0d8669307366e6c8202f656b9e91d368","30340","mainnet"
"Soneium Mainnet","1868","Resolv Labs","wstUSR","Resolv Labs","OFT","0x2a52b289ba68bbd02676640aa9f605700c9e5699","0x2a52b289ba68bbd02676640aa9f605700c9e5699","30340","mainnet"
"Sonic Mainnet","146","HeyAnon","Anon","HeyAnon","OFT","0x79bbf4508b1391af3a0f4b30bb5fc4aa9ab0e07c","0x79bbf4508b1391af3a0f4b30bb5fc4aa9ab0e07c","30332","mainnet"
"Sonic Mainnet","146","Beethoven X","BEETS","Beethoven X","OFT","0x1e5fe95fb90ac0530f581c617272cd0864626795","0x1e5fe95fb90ac0530f581c617272cd0864626795","30332","mainnet"
"Sonic Mainnet","146","SpookySwap","BOO","SpookySwap","OFT","0x7a0c53f7eb34c5bc8b01691723669ada9d6cb384","0x7a0c53f7eb34c5bc8b01691723669ada9d6cb384","30332","mainnet"
"Sonic Mainnet","146","Dawae","DAWAE","Dawae","OFT","0x7a5c61047ad8fa4a743c75eb46a01300c7c9dada","0x7a5c61047ad8fa4a743c75eb46a01300c7c9dada","30332","mainnet"
"Sonic Mainnet","146","Euler","EUL","Euler","OFTAdapter","0x31aa74232a0b0e50e5bf95780b2116710a34c7e9","0x31aa74232a0b0e50e5bf95780b2116710a34c7e9","30332","mainnet"
"Sonic Mainnet","146","FUEGO","FUEGO","FUEGO","OFT","0xac9ef66dc75e5340304d5cc48e185ff5262ae3ac","0xac9ef66dc75e5340304d5cc48e185ff5262ae3ac","30332","mainnet"
"Sonic Mainnet","146","Frax Finance","FXS","Frax Finance","OFT","0x64445f0aecc51e94ad52d8ac56b7190e764e561a","0x64445f0aecc51e94ad52d8ac56b7190e764e561a","30332","mainnet"
"Sonic Mainnet","146","GOGLZ","GOGLZ","GOGLZ","OFT","0x9fdbc3f8abc05fa8f3ad3c17d2f806c1230c4564","0x9fdbc3f8abc05fa8f3ad3c17d2f806c1230c4564","30332","mainnet"
"Sonic Mainnet","146","GammaSwap","GS","GammaSwap","OFT","0xf9f143705b2bbde9b4abfd0320f328ae59364f5e","0xf9f143705b2bbde9b4abfd0320f328ae59364f5e","30332","mainnet"
"Sonic Mainnet","146","HLP0","HLP0","HLP0","OFT","0x3d75f2bb8abcdbd1e27443cb5cbce8a668046c81","0x3d75f2bb8abcdbd1e27443cb5cbce8a668046c81","30332","mainnet"
"Sonic Mainnet","146","MOTH","MOTH","MOTH","OFTAdapter","0x3dd729b37c3a6d0b6be0098a8b7e249b626b1d64","0x3dd729b37c3a6d0b6be0098a8b7e249b626b1d64","30332","mainnet"
"Sonic Mainnet","146","Paladin","PAL","Paladin","OFT","0xe4a4353cd8f008f1a70f1a564535990479e8ceb7","0xe4a4353cd8f008f1a70f1a564535990479e8ceb7","30332","mainnet"
"Sonic Mainnet","146","Onering Tools","RING","Onering Tools","OFT","0x4bba0693aa204c80229469d0c95034baeed57cda","0x4bba0693aa204c80229469d0c95034baeed57cda","30332","mainnet"
"Sonic Mainnet","146","Kelp DAO","rsETH","Kelp DAO","OFT","0xd75787ba9aba324420d522bda84c08c87e5099b1","0xd75787ba9aba324420d522bda84c08c87e5099b1","30332","mainnet"
"Sonic Mainnet","146","Reservoir","rUSD","Reservoir","OFT","0x09d4214c03d01f49544c0448dbe3a27f768f2b34","0x09d4214c03d01f49544c0448dbe3a27f768f2b34","30332","mainnet"
"Sonic Mainnet","146","Rezerve Money","RZR","Rezerve Money","OFTAdapter","0x6419f05d56944dd140954be8ad9907304abb2f3a","0x6419f05d56944dd140954be8ad9907304abb2f3a","30332","mainnet"
"Sonic Mainnet","146","Sonic","S","Sonic","NativeOFTAdapter","0xc2c08bef6c3659018aff49917a8cbe551a1decaa","0xc2c08bef6c3659018aff49917a8cbe551a1decaa","30332","mainnet"
"Sonic Mainnet","146","Samurai Starter","SAM","Samurai Starter","OFT","0xcc5d9cc0d781d7f41f6809c0e8356c15942b775e","0xcc5d9cc0d781d7f41f6809c0e8356c15942b775e","30332","mainnet"
"Sonic Mainnet","146","BIMA","USBD","BIMA","OFT","0x6bede1c6009a78c222d9bdb7974bb67847fdb68c","0x6bede1c6009a78c222d9bdb7974bb67847fdb68c","30332","mainnet"
"Sonic Mainnet","146","USDC","USDC","Stargate","StargatePool","0xA272fFe20cFfe769CdFc4b63088DCD2C82a2D8F9","0x29219dd400f2Bf60E5a23d13Be72B486D4038894","30332","mainnet"
"Sonic Mainnet","146","wBTC","WBTC","wBTC","OFT","0x0555e30da8f98308edb960aa94c0db47230d2b9c","0x0555e30da8f98308edb960aa94c0db47230d2b9c","30332","mainnet"
"Sonic Mainnet","146","Ether.Fi","weETH","Ether.Fi","OFT","0xa3d68b74bf0528fdd07263c60d6488749044914b","0xa3d68b74bf0528fdd07263c60d6488749044914b","30332","mainnet"
"Sonic Mainnet","146","Wild Goat Coin","WGC","Wild Goat Coin","OFT","0xc53ac24320e3a54c7211e4993c8095078a0cb3cf","0xc53ac24320e3a54c7211e4993c8095078a0cb3cf","30332","mainnet"
"Sonic Mainnet","146","Resolv Labs","wsrUSD","Resolv Labs","OFT","0x4809010926aec940b550d34a46a52739f996d75d","0x4809010926aec940b550d34a46a52739f996d75d","30332","mainnet"
"Sophon Mainnet","50104","Sophon","SOPH","Sophon","NativeOFTAdapter","0x70ff61c1436d19090321a312b1f4be89d62ac55c","0x70ff61c1436d19090321a312b1f4be89d62ac55c","30334","mainnet"
"Stable Mainnet","988","USDC.e","USDC.e","Stargate","StargateOFT","0x31EEf89D5215C305304a2fA5376a1f1b6C5dc477","0x8a2B28364102Bea189D99A475C494330Ef2bDD0B","30396","mainnet"
"Stable Mainnet","988","WETH","WETH","Stargate","StargateOFT","0x0829F361A05D993d5CEb035cA6DF3446b060970b","0x783129E4d7bA0Af0C896c239E57C06DF379aAE8c","30396","mainnet"
"Story Mainnet","1514","USDC.e","USDC.e","Stargate","StargateOFT","0x2086f755A6d9254045C257ea3d382ef854849B0f","0xF1815bd50389c46847f0Bda824eC8da914045D14","30364","mainnet"
"Story Mainnet","1514","USDT","USDT","Stargate","StargateOFT","0x3a1293Bdb83bBbDd5Ebf4fAc96605aD2021BbC0f","0x674843C06FF83502ddb4D37c2E09C01cdA38cbc8","30364","mainnet"
"Story Mainnet","1514","WETH","WETH","Stargate","StargateOFT","0xA272fFe20cFfe769CdFc4b63088DCD2C82a2D8F9","0xBAb93B7ad7fE8692A878B95a8e689423437cc500","30364","mainnet"
"Superposition Mainnet","55244","USDC.e","USDC.e","Stargate","StargateOFT","0x8EE21165Ecb7562BA716c9549C1dE751282b9B33","0x6c030c5CC283F791B26816f325b9C632d964F8A1","30327","mainnet"
"Swell Mainnet","1923","Ethena","ENA","Ethena","OFT","0x58538e6a46e07434d7e7375bc268d3cb839c0133","0x58538e6a46e07434d7e7375bc268d3cb839c0133","30335","mainnet"
"Swell Mainnet","1923","ETH","ETH","Stargate","StargatePool","0xCc0587aeBDa397146cc828b445dB130a94486e74","0x0000000000000000000000000000000000000000","30335","mainnet"
"Swell Mainnet","1923","Euler","EUL","Euler","OFTAdapter","0xd0148ddb69f4d8182ef863d6f81ed6519d8c83a2","0xd0148ddb69f4d8182ef863d6f81ed6519d8c83a2","30335","mainnet"
"Swell Mainnet","1923","Kelp DAO","rsETH","Kelp DAO","OFT","0xc3eacf0612346366db554c991d7858716db09f58","0xc3eacf0612346366db554c991d7858716db09f58","30335","mainnet"
"Swell Mainnet","1923","Ethena","sUSDe","Ethena","OFT","0x211cc4dd073734da055fbf44a2b4667d5e5fe5d2","0x211cc4dd073734da055fbf44a2b4667d5e5fe5d2","30335","mainnet"
"Swell Mainnet","1923","Stargate","USD₮0.s","Stargate","OFTAdapter","0x62cbbe71b58f648bee45d2afe5ec51c2fcac25b2","0x62cbbe71b58f648bee45d2afe5ec51c2fcac25b2","30335","mainnet"
"Swell Mainnet","1923","Ethena","USDe","Ethena","OFT","0x5d3a1ff2b6bab83b63cd9ad0787074081a52ef34","0x5d3a1ff2b6bab83b63cd9ad0787074081a52ef34","30335","mainnet"
"Swell Mainnet","1923","wBTC","WBTC","wBTC","OFT","0x0555e30da8f98308edb960aa94c0db47230d2b9c","0x0555e30da8f98308edb960aa94c0db47230d2b9c","30335","mainnet"
"Swell Mainnet","1923","Ether.Fi","weETH","Ether.Fi","OFT","0xa6cb988942610f6731e664379d15ffcfbf282b44","0xa6cb988942610f6731e664379d15ffcfbf282b44","30335","mainnet"
"Swell Mainnet","1923","Wild Goat Coin","WGC","Wild Goat Coin","OFT","0x3d63825b0d8669307366e6c8202f656b9e91d368","0x3d63825b0d8669307366e6c8202f656b9e91d368","30335","mainnet"
"Tac","239","Blum","BLUM","Blum","OFTAdapter","0xfdc8cd47848c0c67df66f7120f4e3371181cfa5e","0xfdc8cd47848c0c67df66f7120f4e3371181cfa5e","30377","mainnet"
"Tac","239","TAC","cbBTC","TAC","OFT","0x7048c9e4abd0cf0219e95a17a8c6908dfc4f0ee4","0x7048c9e4abd0cf0219e95a17a8c6908dfc4f0ee4","30377","mainnet"
"Tac","239","Euler","EUL","Euler","OFTAdapter","0xe7c415484348d14c0e6b8c18e110d72eca17d306","0xe7c415484348d14c0e6b8c18e110d72eca17d306","30377","mainnet"
"Tac","239","Lombard Staked Bitcoin","LBTC","Lombard Staked Bitcoin","OFTAdapter","0x1298131cda718bbca7acb1f2411e71c05e16f269","0x1298131cda718bbca7acb1f2411e71c05e16f269","30377","mainnet"
"Tac","239","Merlin","M-BTC","Merlin","OFT","0xe82dbd543fd729418613d68cd1e8fc67b0f46e31","0xe82dbd543fd729418613d68cd1e8fc67b0f46e31","30377","mainnet"
"Tac","239","Puffer","pufETH","Puffer","OFT","0x37d6382b6889ccef8d6871a8b60e667115eddbcf","0x37d6382b6889ccef8d6871a8b60e667115eddbcf","30377","mainnet"
"Tac","239","Resolv Labs","RLP","Resolv Labs","OFT","0x35533f54740f1f1aa4179e57ba37039dfa16868b","0x35533f54740f1f1aa4179e57ba37039dfa16868b","30377","mainnet"
"Tac","239","Kelp DAO","rsETH","Kelp DAO","OFT","0x9ecaf80c1303cca8791afbc0ad405c8a35e8d9f1","0x9ecaf80c1303cca8791afbc0ad405c8a35e8d9f1","30377","mainnet"
"Tac","239","Solv Protocol","SolvBTC","Solv Protocol","OFTAdapter","0xb12979ff302ac903849948037a51792cf7186e8e","0xb12979ff302ac903849948037a51792cf7186e8e","30377","mainnet"
"Tac","239","TAC","TAC","TAC","NativeOFTAdapter","0x1219c409fabe2c27bd0d1a565daeed9bd9f271de","0x1219c409fabe2c27bd0d1a565daeed9bd9f271de","30377","mainnet"
"Tac","239","Bedrock","uniBTC","Bedrock","OFTAdapter","0x17c3b688badd6dd11244096a9fbc4ae0add551ab","0x17c3b688badd6dd11244096a9fbc4ae0add551ab","30377","mainnet"
"Tac","239","Resolv Labs","USR","Resolv Labs","OFT","0xb1b385542b6e80f77b94393ba8342c3af699f15c","0xb1b385542b6e80f77b94393ba8342c3af699f15c","30377","mainnet"
"Tac","239","dogwifhat","WIF","dogwifhat","OFT","0x27e4ade13d78aad45bea31d448f5504031e4871e","0x27e4ade13d78aad45bea31d448f5504031e4871e","30377","mainnet"
"Tac","239","Wrapped liquid staked Ether 2.0","wstETH","Wrapped liquid staked Ether 2.0","OFT","0xaf368c91793cb22739386dfcbbb2f1a9e4bcbebf","0xaf368c91793cb22739386dfcbbb2f1a9e4bcbebf","30377","mainnet"
"Tac","239","Resolv Labs","wstUSR","Resolv Labs","OFT","0x2a52b289ba68bbd02676640aa9f605700c9e5699","0x2a52b289ba68bbd02676640aa9f605700c9e5699","30377","mainnet"
"Tac","239","Solv Protocol","xSolvBTC","Solv Protocol","OFTAdapter","0x94dabd84cd36c4d364fcdd5cdabf41e73dbc99e6","0x94dabd84cd36c4d364fcdd5cdabf41e73dbc99e6","30377","mainnet"
"Taiko Mainnet","167000","Impossible Finance","IDIA","Impossible Finance","OFT","0x23aab921d8283f099bc3fe3741cb369b1ee095a8","0x23aab921d8283f099bc3fe3741cb369b1ee095a8","30290","mainnet"
"Taiko Mainnet","167000","USDC.e","USDC.e","Stargate","StargateOFT","0x77C71633C34C3784ede189d74223122422492a0f","0x19e26B0638bf63aa9fa4d14c6baF8D52eBE86C5C","30290","mainnet"
"Taiko Mainnet","167000","USDT","USDT","Stargate","StargateOFT","0x1C10CC06DC6D35970d1D53B2A23c76ef370d4135","0x9c2dc7377717603eB92b2655c5f2E7997a4945BD","30290","mainnet"
"Taiko Mainnet","167000","KernelDAO","ynBTCk","KernelDAO","OFTAdapter","0xfd72fbb61798f3bcb707f5ba98cb72a87cca02a2","0xfd72fbb61798f3bcb707f5ba98cb72a87cca02a2","30290","mainnet"
"Taiko Mainnet","167000","YieldNest","ynETHx","YieldNest","OFTAdapter","0xbe82cbe217bf4e0a87dd88c552e93054f4ef2c7c","0xbe82cbe217bf4e0a87dd88c552e93054f4ef2c7c","30290","mainnet"
"TelosEVM Mainnet","40","Telos","TLOS","Telos","NativeOFTAdapter","0x02ea28694ae65358be92bafef5cb8c211f33db1a","0x02ea28694ae65358be92bafef5cb8c211f33db1a","30199","mainnet"
"TelosEVM Mainnet","40","USDC.e","USDC.e","Stargate","StargateOFT","0x2086f755A6d9254045C257ea3d382ef854849B0f","0xF1815bd50389c46847f0Bda824eC8da914045D14","30199","mainnet"
"TelosEVM Mainnet","40","USDT","USDT","Stargate","StargateOFT","0x3a1293Bdb83bBbDd5Ebf4fAc96605aD2021BbC0f","0x674843C06FF83502ddb4D37c2E09C01cdA38cbc8","30199","mainnet"
"TelosEVM Mainnet","40","wBTC","WBTC","wBTC","OFT","0x0555e30da8f98308edb960aa94c0db47230d2b9c","0x0555e30da8f98308edb960aa94c0db47230d2b9c","30199","mainnet"
"TelosEVM Mainnet","40","WETH","WETH","Stargate","StargateOFT","0xA272fFe20cFfe769CdFc4b63088DCD2C82a2D8F9","0xBAb93B7ad7fE8692A878B95a8e689423437cc500","30199","mainnet"
"TON Mainnet","N/A","Ethena","ENA","Ethena","OFTAdapter","0x0f87d442a6b820e642ae9ad262f2e07b9c529cb4f070b9152ef362604c69b392","0x0f87d442a6b820e642ae9ad262f2e07b9c529cb4f070b9152ef362604c69b392","30343","mainnet"
"TON Mainnet","N/A","Ethena","USDe","Ethena","OFTAdapter","0x23a676145f8dee3632f722aac50392f22cf0b4be8f624e038279a6f5005fb669","0x23a676145f8dee3632f722aac50392f22cf0b4be8f624e038279a6f5005fb669","30343","mainnet"
"TON Mainnet","N/A","USDT0 Native Mesh","USDT0","USDT0 Native Mesh","OFTAdapter","0x1ddf580052174ed1dd0d66c35bfdc1a5fcc69af4f4ae36154b13dcfc6c14a35f","0x1ddf580052174ed1dd0d66c35bfdc1a5fcc69af4f4ae36154b13dcfc6c14a35f","30343","mainnet"
"TON Mainnet","N/A","USDT0","XAUT0","USDT0","OFTAdapter","0x90d9ff1c7814705fcc74f8b7598476d65f3b9536fc132729b0606f0be82e617f","0x90d9ff1c7814705fcc74f8b7598476d65f3b9536fc132729b0606f0be82e617f","30343","mainnet"
"Tron Mainnet","728126428","Hard Protocol","HARD","Hard Protocol","OFT","0xe1c8869751fef3aa3500c208fbc01b2b25737be1","0xe1c8869751fef3aa3500c208fbc01b2b25737be1","30420","mainnet"
"Tron Mainnet","728126428","OFFICIAL TRUMP","TRUMP","OFFICIAL TRUMP","OFT","0xecd2ba5ed7f633bfdacf56bb8e7929063d10caaf","0xecd2ba5ed7f633bfdacf56bb8e7929063d10caaf","30420","mainnet"
"Tron Mainnet","728126428","USDT0 Native Mesh","USDT0","USDT0 Native Mesh","OFTAdapter","0x3a08f76772e200653bb55c2a92998daca62e0e97","0x3a08f76772e200653bb55c2a92998daca62e0e97","30420","mainnet"
"Tron Mainnet","728126428","dogwifhat","WIF","dogwifhat","OFT","0x88d8ae3bfaa6e1e86baaf0703ed94235566a8245","0x88d8ae3bfaa6e1e86baaf0703ed94235566a8245","30420","mainnet"
"Unichain Mainnet","130","ETH","ETH","Stargate","StargatePool","0xe9aBA835f813ca05E50A6C0ce65D0D74390F7dE7","0x0000000000000000000000000000000000000000","30320","mainnet"
"Unichain Mainnet","130","Euler","EUL","Euler","OFTAdapter","0x41a11d85577bb21743e11eca62e2b241dc1ed5c0","0x41a11d85577bb21743e11eca62e2b241dc1ed5c0","30320","mainnet"
"Unichain Mainnet","130","ORA Protocol","ORA","ORA Protocol","OFT","0x2d1b035ca47e04a119dff0fac828f4a57a67e4de","0x2d1b035ca47e04a119dff0fac828f4a57a67e4de","30320","mainnet"
"Unichain Mainnet","130","Kelp DAO","rsETH","Kelp DAO","OFT","0xc3eacf0612346366db554c991d7858716db09f58","0xc3eacf0612346366db554c991d7858716db09f58","30320","mainnet"
"Unichain Mainnet","130","Reservoir","rUSD","Reservoir","OFT","0x09d4214c03d01f49544c0448dbe3a27f768f2b34","0x09d4214c03d01f49544c0448dbe3a27f768f2b34","30320","mainnet"
"Unichain Mainnet","130","USDT0","USDT0","USDT0","OFTAdapter","0xc07be8994d035631c36fb4a89c918cefb2f03ec3","0xc07be8994d035631c36fb4a89c918cefb2f03ec3","30320","mainnet"
"Unichain Mainnet","130","wBTC","WBTC","wBTC","OFT","0x0555e30da8f98308edb960aa94c0db47230d2b9c","0x0555e30da8f98308edb960aa94c0db47230d2b9c","30320","mainnet"
"Unichain Mainnet","130","Ether.Fi","weETH","Ether.Fi","OFT","0x7dcc39b4d1c53cb31e1abc0e358b43987fef80f7","0x7dcc39b4d1c53cb31e1abc0e358b43987fef80f7","30320","mainnet"
"Unichain Mainnet","130","Wild Goat Coin","WGC","Wild Goat Coin","OFT","0x3d63825b0d8669307366e6c8202f656b9e91d368","0x3d63825b0d8669307366e6c8202f656b9e91d368","30320","mainnet"
"Unichain Mainnet","130","Resolv Labs","wsrUSD","Resolv Labs","OFT","0x4809010926aec940b550d34a46a52739f996d75d","0x4809010926aec940b550d34a46a52739f996d75d","30320","mainnet"
"Vana Mainnet","1480","QnA3.AI","GPT","QnA3.AI","OFT","0x3c7053d28d986385529d04fb19a5dead278c2d8f","0x3c7053d28d986385529d04fb19a5dead278c2d8f","30330","mainnet"
"Vana Mainnet","1480","USDC.e","USDC.e","Stargate","StargateOFT","0x45A01E4e04F14f7A4a6702c74187c5F6222033cd","0xF1815bd50389c46847f0Bda824eC8da914045D14","30330","mainnet"
"Vana Mainnet","1480","USDT","USDT","Stargate","StargateOFT","0xF2c0e57f48276112a596e141817D93bE472Ed6c5","0x88853D410299BCBfE5fCC9Eef93c03115E908279","30330","mainnet"
"Vana Mainnet","1480","Vana","VANA","Vana","NativeOFTAdapter","0x7ff7fa94b8b66ef313f7970d4eebd2cb3103a2c0","0x7ff7fa94b8b66ef313f7970d4eebd2cb3103a2c0","30330","mainnet"
"Vana Mainnet","1480","WETH","WETH","Stargate","StargateOFT","0xAf5191B0De278C7286d6C7CC6ab6BB8A73bA2Cd6","0x2F6F07CDcf3588944Bf4C42aC74ff24bF56e7590","30330","mainnet"
"Worldchain Mainnet","480","Reservoir","rUSD","Reservoir","OFT","0x09d4214c03d01f49544c0448dbe3a27f768f2b34","0x09d4214c03d01f49544c0448dbe3a27f768f2b34","30319","mainnet"
"Worldchain Mainnet","480","Stargate","USD₮0.s","Stargate","OFTAdapter","0x13a3ca7638802f66ce4e12b101727405ec589f47","0x13a3ca7638802f66ce4e12b101727405ec589f47","30319","mainnet"
"Worldchain Mainnet","480","Wild Goat Coin","WGC","Wild Goat Coin","OFT","0x3d63825b0d8669307366e6c8202f656b9e91d368","0x3d63825b0d8669307366e6c8202f656b9e91d368","30319","mainnet"
"Worldchain Mainnet","480","Resolv Labs","wsrUSD","Resolv Labs","OFT","0x4809010926aec940b550d34a46a52739f996d75d","0x4809010926aec940b550d34a46a52739f996d75d","30319","mainnet"
"X Layer Mainnet","196","Stader Labs","ETHx","Stader Labs","OFTAdapter","0xc0a0fdd802b2750b7f972c2a7972c8942328099f","0xc0a0fdd802b2750b7f972c2a7972c8942328099f","30274","mainnet"
"X Layer Mainnet","196","Frax Finance","FPI","Frax Finance","OFT","0xeed9de5e41b53d1c8fab8aab4b0e446f828c1483","0xeed9de5e41b53d1c8fab8aab4b0e446f828c1483","30274","mainnet"
"X Layer Mainnet","196","Frax Finance","FRAX","Frax Finance","OFT","0x80eede496655fb9047dd39d9f418d5483ed600df","0x80eede496655fb9047dd39d9f418d5483ed600df","30274","mainnet"
"X Layer Mainnet","196","Frax Finance","frxETH","Frax Finance","OFT","0x43edd7f3831b08fe70b7555ddd373c8bf65a9050","0x43edd7f3831b08fe70b7555ddd373c8bf65a9050","30274","mainnet"
"X Layer Mainnet","196","Frax Finance","FXS","Frax Finance","OFT","0x64445f0aecc51e94ad52d8ac56b7190e764e561a","0x64445f0aecc51e94ad52d8ac56b7190e764e561a","30274","mainnet"
"X Layer Mainnet","196","Kelp DAO","rsETH","Kelp DAO","OFT","0x1b3a9a689ba7555f9d7984d7ad4025574ed5a0f9","0x1b3a9a689ba7555f9d7984d7ad4025574ed5a0f9","30274","mainnet"
"X Layer Mainnet","196","Frax Finance","sFRAX","Frax Finance","OFT","0x5bff88ca1442c2496f7e475e9e7786383bc070c0","0x5bff88ca1442c2496f7e475e9e7786383bc070c0","30274","mainnet"
"X Layer Mainnet","196","Frax Finance","sfrxETH","Frax Finance","OFT","0x3ec3849c33291a9ef4c5db86de593eb4a37fde45","0x3ec3849c33291a9ef4c5db86de593eb4a37fde45","30274","mainnet"
"X Layer Mainnet","196","USDT0","USDT0","USDT0","OFTAdapter","0x94bcca6bdfd6a61817ab0e960bfede4984505554","0x94bcca6bdfd6a61817ab0e960bfede4984505554","30274","mainnet"
"X Layer Mainnet","196","Wild Goat Coin","WGC","Wild Goat Coin","OFT","0xc53ac24320e3a54c7211e4993c8095078a0cb3cf","0xc53ac24320e3a54c7211e4993c8095078a0cb3cf","30274","mainnet"
"X Layer Mainnet","196","Zerolend","ZERO","Zerolend","OFT","0x98d56d03be3c0b9c58c67b209ca557d7da9eb611","0x98d56d03be3c0b9c58c67b209ca557d7da9eb611","30274","mainnet"
"XDC Mainnet","50","PrimeFi","PRFI","PrimeFi","OFT","0x81b244d0be055ef3bef1b09b7826cc2b108b2cbd","0x81b244d0be055ef3bef1b09b7826cc2b108b2cbd","30365","mainnet"
"XDC Mainnet","50","USDC.e","USDC.e","Stargate","StargateOFT","0x8E2E38711080bF8AAb9C74f434d2bae70e67ae44","0xCc0587aeBDa397146cc828b445dB130a94486e74","30365","mainnet"
"XDC Mainnet","50","USDT","USDT","Stargate","StargateOFT","0xA4272ad93AC5d2FF048DD6419c88Eb4C1002Ec6b","0xcdA5b77E2E2268D9E09c874c1b9A4c3F07b37555","30365","mainnet"
"XDC Mainnet","50","WETH","WETH","Stargate","StargateOFT","0xB0d27478A40223e427697Da523c6A3DAF29AaFfB","0xa7348290de5cf01772479c48D50dec791c3fC212","30365","mainnet"
"XDC Mainnet","50","XDC Network","XDC","XDC Network","NativeOFTAdapter","0x147bffe7074a1b70080e6698542d0d41500a87c3","0x147bffe7074a1b70080e6698542d0d41500a87c3","30365","mainnet"
"XPLA Mainnet","37","XPLA","XPLA","XPLA","NativeOFTAdapter","0x332dd4f170cdfc27756ee4159e7dbf034c84c65b","0x332dd4f170cdfc27756ee4159e7dbf034c84c65b","30216","mainnet"
"Zircuit Mainnet","48900","Ethena","ENA","Ethena","OFT","0x813635891aa06bd55036bbd8f7d1a34ab3de9a0f","0x813635891aa06bd55036bbd8f7d1a34ab3de9a0f","30303","mainnet"
"Zircuit Mainnet","48900","Kelp DAO","rsETH","Kelp DAO","OFT","0x4186bfc76e2e237523cbc30fd220fe055156b41f","0x4186bfc76e2e237523cbc30fd220fe055156b41f","30303","mainnet"
"Zircuit Mainnet","48900","Swell Network","rswETH","Swell Network","OFT","0xd8b29106d4cebad087c30b10c0e41baa3a9ea703","0xd8b29106d4cebad087c30b10c0e41baa3a9ea703","30303","mainnet"
"Zircuit Mainnet","48900","Ethena","sUSDe","Ethena","OFT","0x211cc4dd073734da055fbf44a2b4667d5e5fe5d2","0x211cc4dd073734da055fbf44a2b4667d5e5fe5d2","30303","mainnet"
"Zircuit Mainnet","48900","Swell Network","swETH","Swell Network","OFT","0x850cdf416668210ed0c36bfff5d21921c7ada3b8","0x850cdf416668210ed0c36bfff5d21921c7ada3b8","30303","mainnet"
"Zircuit Mainnet","48900","Ethena","USDe","Ethena","OFT","0x5d3a1ff2b6bab83b63cd9ad0787074081a52ef34","0x5d3a1ff2b6bab83b63cd9ad0787074081a52ef34","30303","mainnet"
"Zircuit Mainnet","48900","Zerolend","ZERO","Zerolend","OFT","0x458ad5b487f4442245e4c5ea7249009e607a5583","0x458ad5b487f4442245e4c5ea7249009e607a5583","30303","mainnet"
"zkconsensys","N/A","Redacted Finance","apxETH","Redacted Finance","OFT","0xed97d39448d1c3891aafcb28c9cf63f893d65743","0xed97d39448d1c3891aafcb28c9cf63f893d65743","N/A","mainnet"
"zkconsensys","N/A","PancakeSwap","CAKE","PancakeSwap","OFT","0x0d1e753a25ebda689453309112904807625befbe","0x0d1e753a25ebda689453309112904807625befbe","N/A","mainnet"
"zkconsensys","N/A","DMAIL","DMAIL","DMAIL","OFT","0xcc6f1e1b87cfcbe9221808d2d85c501aab0b5192","0xcc6f1e1b87cfcbe9221808d2d85c501aab0b5192","N/A","mainnet"
"zkconsensys","N/A","Ethena","ENA","Ethena","OFT","0x58538e6a46e07434d7e7375bc268d3cb839c0133","0x58538e6a46e07434d7e7375bc268d3cb839c0133","N/A","mainnet"
"zkconsensys","N/A","Euler","EUL","Euler","OFTAdapter","0xd048d4e39e13482ecce115e7bb71128d26ca19f1","0xd048d4e39e13482ecce115e7bb71128d26ca19f1","N/A","mainnet"
"zkconsensys","N/A","Impossible Finance","IDIA","Impossible Finance","OFT","0x1044f1f2e208e213fbdffeebdc4ee0d194307438","0x1044f1f2e208e213fbdffeebdc4ee0d194307438","N/A","mainnet"
"zkconsensys","N/A","Interport Finance","ITP","Interport Finance","OFT","0x2b1d36f5b61addaf7da7ebbd11b35fd8cfb0de31","0x2b1d36f5b61addaf7da7ebbd11b35fd8cfb0de31","N/A","mainnet"
"zkconsensys","N/A","MAHA","MAHA","MAHA","OFT","0x6a661312938d22a2a0e27f585073e4406903990a","0x6a661312938d22a2a0e27f585073e4406903990a","N/A","mainnet"
"zkconsensys","N/A","Puffer","pufETH","Puffer","OFT","0x37d6382b6889ccef8d6871a8b60e667115eddbcf","0x37d6382b6889ccef8d6871a8b60e667115eddbcf","N/A","mainnet"
"zkconsensys","N/A","Redacted Finance","pxETH","Redacted Finance","OFT","0x58ade43a276ddf3e101941571ede398a32492ed7","0x58ade43a276ddf3e101941571ede398a32492ed7","N/A","mainnet"
"zkconsensys","N/A","Qi Dao","QI","Qi Dao","OFT","0xd3fdcb837dafdb7c9c3ebd48fe22a53f6dd3d7d7","0xd3fdcb837dafdb7c9c3ebd48fe22a53f6dd3d7d7","N/A","mainnet"
"zkconsensys","N/A","Kelp DAO","rsETH","Kelp DAO","OFT","0x4186bfc76e2e237523cbc30fd220fe055156b41f","0x4186bfc76e2e237523cbc30fd220fe055156b41f","N/A","mainnet"
"zkconsensys","N/A","Swell Network","rswETH","Swell Network","OFT","0xb1fe27b32ffb5ce54e272c096547f1e86c19e72f","0xb1fe27b32ffb5ce54e272c096547f1e86c19e72f","N/A","mainnet"
"zkconsensys","N/A","Stargate","STG","Stargate","OFT","0x808d7c71ad2ba3fa531b068a2417c63106bc0949","0x808d7c71ad2ba3fa531b068a2417c63106bc0949","N/A","mainnet"
"zkconsensys","N/A","Ethena","sUSDe","Ethena","OFT","0x211cc4dd073734da055fbf44a2b4667d5e5fe5d2","0x211cc4dd073734da055fbf44a2b4667d5e5fe5d2","N/A","mainnet"
"zkconsensys","N/A","Swell Network","swETH","Swell Network","OFT","0x850cdf416668210ed0c36bfff5d21921c7ada3b8","0x850cdf416668210ed0c36bfff5d21921c7ada3b8","N/A","mainnet"
"zkconsensys","N/A","Trusta.AI","TA","Trusta.AI","OFT","0x539ae81a166e5e80aed211731563e549c411b140","0x539ae81a166e5e80aed211731563e549c411b140","N/A","mainnet"
"zkconsensys","N/A","Ethena","USDe","Ethena","OFT","0x5d3a1ff2b6bab83b63cd9ad0787074081a52ef34","0x5d3a1ff2b6bab83b63cd9ad0787074081a52ef34","N/A","mainnet"
"zkconsensys","N/A","Ether.Fi","weETH","Ether.Fi","OFT","0x1bf74c010e6320bab11e2e5a532b5ac15e0b8aa6","0x1bf74c010e6320bab11e2e5a532b5ac15e0b8aa6","N/A","mainnet"
"zkconsensys","N/A","Wild Goat Coin","WGC","Wild Goat Coin","OFT","0xc53ac24320e3a54c7211e4993c8095078a0cb3cf","0xc53ac24320e3a54c7211e4993c8095078a0cb3cf","N/A","mainnet"
"zkconsensys","N/A","OFFICIAL TRUMP","WTRUMP","OFFICIAL TRUMP","OFT","0xea3910f1c6e687b59835885904a2fd1944b51ec6","0xea3910f1c6e687b59835885904a2fd1944b51ec6","N/A","mainnet"
"zkconsensys","N/A","Zerolend","ZERO","Zerolend","OFTAdapter","0x671fbc39d7c99735e99ce6918ff0666e88971d45","0x671fbc39d7c99735e99ce6918ff0666e88971d45","N/A","mainnet"
"zkpolygon","N/A","PancakeSwap","CAKE","PancakeSwap","OFT","0x0d1e753a25ebda689453309112904807625befbe","0x0d1e753a25ebda689453309112904807625befbe","N/A","mainnet"
"zkpolygon","N/A","Frax Finance","FXS","Frax Finance","OFT","0x64445f0aecc51e94ad52d8ac56b7190e764e561a","0x64445f0aecc51e94ad52d8ac56b7190e764e561a","N/A","mainnet"
"zkpolygon","N/A","Interport Finance","ITP","Interport Finance","OFT","0x2b1d36f5b61addaf7da7ebbd11b35fd8cfb0de31","0x2b1d36f5b61addaf7da7ebbd11b35fd8cfb0de31","N/A","mainnet"
"zkSync Era Mainnet","324","Redacted Finance","apxETH","Redacted Finance","OFT","0x67154b6a149081e796049f2a3b17e1c356d2ba61","0x67154b6a149081e796049f2a3b17e1c356d2ba61","30165","mainnet"
"zkSync Era Mainnet","324","Aethir","ATH","Aethir","OFT","0xb5a58c1d3542a65f93a5a504765cd2cd3155a418","0xb5a58c1d3542a65f93a5a504765cd2cd3155a418","30165","mainnet"
"zkSync Era Mainnet","324","BONSAI","BONSAI","BONSAI","OFT","0xb0588f9a9cade7cd5f194a5fe77acd6a58250f82","0xb0588f9a9cade7cd5f194a5fe77acd6a58250f82","30165","mainnet"
"zkSync Era Mainnet","324","PancakeSwap","CAKE","PancakeSwap","OFT","0x3a287a06c66f9e95a56327185ca2bdf5f031cecd","0x3a287a06c66f9e95a56327185ca2bdf5f031cecd","30165","mainnet"
"zkSync Era Mainnet","324","Dinero","DINERO","Dinero","OFT","0xd0fb453e03f128a35d7409135981c754170378a5","0xd0fb453e03f128a35d7409135981c754170378a5","30165","mainnet"
"zkSync Era Mainnet","324","Ethena","ENA","Ethena","OFT","0x686b311f82b407f0be842652a98e5619f64cc25f","0x686b311f82b407f0be842652a98e5619f64cc25f","30165","mainnet"
"zkSync Era Mainnet","324","Interport Finance","ITP","Interport Finance","OFT","0xd03465338226ea0178337f4abb16fdd6df529f57","0xd03465338226ea0178337f4abb16fdd6df529f57","30165","mainnet"
"zkSync Era Mainnet","324","Maverick Protocol","MAV","Maverick Protocol","OFT","0x787c09494ec8bcb24dcaf8659e7d5d69979ee508","0x787c09494ec8bcb24dcaf8659e7d5d69979ee508","30165","mainnet"
"zkSync Era Mainnet","324","Redacted Finance","pxETH","Redacted Finance","OFT","0x8ba0aae056de87aefcbc973623d9d43470eae248","0x8ba0aae056de87aefcbc973623d9d43470eae248","30165","mainnet"
"zkSync Era Mainnet","324","Kelp DAO","rsETH","Kelp DAO","OFT","0x6be2425c381eb034045b527780d2bf4e21ab7236","0x6be2425c381eb034045b527780d2bf4e21ab7236","30165","mainnet"
"zkSync Era Mainnet","324","Dinero","sDINERO","Dinero","OFT","0x5088c7858019a5579a29d4bc2815e7475af3a551","0x5088c7858019a5579a29d4bc2815e7475af3a551","30165","mainnet"
"zkSync Era Mainnet","324","Ethena","sUSDe","Ethena","OFT","0xad17da2f6ac76746ef261e835c50b2651ce36da8","0xad17da2f6ac76746ef261e835c50b2651ce36da8","30165","mainnet"
"zkSync Era Mainnet","324","Ethena","USDe","Ethena","OFT","0x39fe7a0dacce31bd90418e3e659fb0b5f0b3db0d","0x39fe7a0dacce31bd90418e3e659fb0b5f0b3db0d","30165","mainnet"
"zkSync Era Mainnet","324","WAGMI","WAGMI","WAGMI","OFT","0x3613ad277df1d5935d41400a181aa9ec1dc2dc9e","0x3613ad277df1d5935d41400a181aa9ec1dc2dc9e","30165","mainnet"
"zkSync Era Mainnet","324","Ether.Fi","weETH","Ether.Fi","OFT","0xc1fa6e2e8667d9be0ca938a54c7e0285e9df924a","0xc1fa6e2e8667d9be0ca938a54c7e0285e9df924a","30165","mainnet"
"zkSync Era Mainnet","324","Venus Protocol","XVS","Venus Protocol","OFTAdapter","0x16a62b534e09a7534cd5847cfe5bf6a4b0c1b116","0x16a62b534e09a7534cd5847cfe5bf6a4b0c1b116","30165","mainnet"
"zkSync Era Mainnet","324","ZyFAI","ZFI","ZyFAI","OFTAdapter","0x541c302dc3ba63180abda3e53f632abc86a5ab5b","0x541c302dc3ba63180abda3e53f632abc86a5ab5b","30165","mainnet"
"Zora Mainnet","7777777","Wild Goat Coin","WGC","Wild Goat Coin","OFT","0x3d63825b0d8669307366e6c8202f656b9e91d368","0x3d63825b0d8669307366e6c8202f656b9e91d368","30195","mainnet"